,paths,value,coef
0,"['AUDCAD=X', 'AUDCHF=X', 'AUDEUR=X', 'AUDGBP=X', 'AUDJPY=X', 'AUDUSD=X', 'CADAUD=X', 'CADCHF=X', 'CADEUR=X', 'CADGBP=X', 'CADJPY=X', 'CADUSD=X', 'CHFAUD=X', 'CHFCAD=X', 'CHFEUR=X', 'CHFGBP=X', 'CHFJPY=X', 'CHFUSD=X', 'EURAUD=X', 'EURCAD=X', 'EURCHF=X', 'EURGBP=X', 'EURJPY=X', 'EURUSD=X', 'GBPAUD=X', 'GBPCAD=X', 'GBPCHF=X', 'GBPEUR=X', 'GBPJPY=X', 'GBPUSD=X', 'JPYAUD=X', 'JPYCAD=X', 'JPYCHF=X', 'JPYEUR=X', 'JPYGBP=X', 'JPYUSD=X', 'USDAUD=X', 'USDCAD=X', 'USDCHF=X', 'USDEUR=X', 'USDGBP=X', 'USDJPY=X']",tensor(-209.9876),0.9877419685789645
1,"['AUDCAD=X', 'AUDCHF=X', 'AUDEUR=X', 'AUDGBP=X', 'AUDJPY=X', 'AUDUSD=X', 'CADAUD=X', 'CADCHF=X', 'CADEUR=X', 'CADGBP=X', 'CADJPY=X', 'CADUSD=X', 'CHFAUD=X', 'CHFCAD=X', 'CHFEUR=X', 'CHFGBP=X', 'CHFJPY=X', 'CHFUSD=X', 'EURAUD=X', 'EURCAD=X', 'EURCHF=X', 'EURGBP=X', 'EURJPY=X', 'EURUSD=X', 'GBPAUD=X', 'GBPCAD=X', 'GBPCHF=X', 'GBPEUR=X', 'GBPJPY=X', 'GBPUSD=X', 'JPYAUD=X', 'JPYCAD=X', 'JPYCHF=X', 'JPYEUR=X', 'JPYGBP=X', 'JPYUSD=X', 'USDAUD=X', 'USDCAD=X', 'USDCHF=X', 'USDEUR=X', 'USDGBP=X', 'USDJPY=X']",tensor(-209.9876),0.9877419685789645
2,"['AUDCAD=X', 'AUDCHF=X', 'AUDEUR=X', 'AUDGBP=X', 'AUDJPY=X', 'AUDUSD=X', 'CADAUD=X', 'CADCHF=X', 'CADEUR=X', 'CADGBP=X', 'CADJPY=X', 'CADUSD=X', 'CHFAUD=X', 'CHFCAD=X', 'CHFEUR=X', 'CHFGBP=X', 'CHFJPY=X', 'CHFUSD=X', 'EURAUD=X', 'EURCAD=X', 'EURCHF=X', 'EURGBP=X', 'EURJPY=X', 'EURUSD=X', 'GBPAUD=X', 'GBPCAD=X', 'GBPCHF=X', 'GBPEUR=X', 'GBPJPY=X', 'GBPUSD=X', 'JPYAUD=X', 'JPYCAD=X', 'JPYCHF=X', 'JPYEUR=X', 'JPYGBP=X', 'JPYUSD=X', 'USDAUD=X', 'USDCAD=X', 'USDCHF=X', 'USDEUR=X', 'USDGBP=X', 'USDJPY=X']",tensor(-209.9876),0.9877419685789645
3,"['AUDCAD=X', 'AUDCHF=X', 'AUDEUR=X', 'AUDGBP=X', 'AUDJPY=X', 'AUDUSD=X', 'CADAUD=X', 'CADCHF=X', 'CADEUR=X', 'CADGBP=X', 'CADJPY=X', 'CADUSD=X', 'CHFAUD=X', 'CHFCAD=X', 'CHFEUR=X', 'CHFGBP=X', 'CHFJPY=X', 'CHFUSD=X', 'EURAUD=X', 'EURCAD=X', 'EURCHF=X', 'EURGBP=X', 'EURJPY=X', 'EURUSD=X', 'GBPAUD=X', 'GBPCAD=X', 'GBPCHF=X', 'GBPEUR=X', 'GBPJPY=X', 'GBPUSD=X', 'JPYAUD=X', 'JPYCAD=X', 'JPYCHF=X', 'JPYEUR=X', 'JPYGBP=X', 'JPYUSD=X', 'USDAUD=X', 'USDCAD=X', 'USDCHF=X', 'USDEUR=X', 'USDGBP=X', 'USDJPY=X']",tensor(-209.9876),0.9877419685789645
4,"['AUDCAD=X', 'AUDCHF=X', 'AUDEUR=X', 'AUDGBP=X', 'AUDJPY=X', 'AUDUSD=X', 'CADAUD=X', 'CADCHF=X', 'CADEUR=X', 'CADGBP=X', 'CADJPY=X', 'CADUSD=X', 'CHFAUD=X', 'CHFCAD=X', 'CHFEUR=X', 'CHFGBP=X', 'CHFJPY=X', 'CHFUSD=X', 'EURAUD=X', 'EURCAD=X', 'EURCHF=X', 'EURGBP=X', 'EURJPY=X', 'EURUSD=X', 'GBPAUD=X', 'GBPCAD=X', 'GBPCHF=X', 'GBPEUR=X', 'GBPJPY=X', 'GBPUSD=X', 'JPYAUD=X', 'JPYCAD=X', 'JPYCHF=X', 'JPYEUR=X', 'JPYGBP=X', 'JPYUSD=X', 'USDAUD=X', 'USDCAD=X', 'USDCHF=X', 'USDEUR=X', 'USDGBP=X', 'USDJPY=X']",tensor(-209.9876),0.9877419685789645
5,"['AUDCAD=X', 'AUDCHF=X', 'AUDEUR=X', 'AUDGBP=X', 'AUDJPY=X', 'AUDUSD=X', 'CADAUD=X', 'CADCHF=X', 'CADEUR=X', 'CADGBP=X', 'CADJPY=X', 'CADUSD=X', 'CHFAUD=X', 'CHFCAD=X', 'CHFEUR=X', 'CHFGBP=X', 'CHFJPY=X', 'CHFUSD=X', 'EURAUD=X', 'EURCAD=X', 'EURCHF=X', 'EURGBP=X', 'EURJPY=X', 'EURUSD=X', 'GBPAUD=X', 'GBPCAD=X', 'GBPCHF=X', 'GBPEUR=X', 'GBPJPY=X', 'GBPUSD=X', 'JPYAUD=X', 'JPYCAD=X', 'JPYCHF=X', 'JPYEUR=X', 'JPYGBP=X', 'JPYUSD=X', 'USDAUD=X', 'USDCAD=X', 'USDCHF=X', 'USDEUR=X', 'USDGBP=X', 'USDJPY=X']",tensor(-209.9876),0.9877419685789645
6,"['AUDCAD=X', 'AUDCHF=X', 'AUDEUR=X', 'AUDGBP=X', 'AUDJPY=X', 'AUDUSD=X', 'CADAUD=X', 'CADCHF=X', 'CADEUR=X', 'CADGBP=X', 'CADJPY=X', 'CADUSD=X', 'CHFAUD=X', 'CHFCAD=X', 'CHFEUR=X', 'CHFGBP=X', 'CHFJPY=X', 'CHFUSD=X', 'EURAUD=X', 'EURCAD=X', 'EURCHF=X', 'EURGBP=X', 'EURJPY=X', 'EURUSD=X', 'GBPAUD=X', 'GBPCAD=X', 'GBPCHF=X', 'GBPEUR=X', 'GBPJPY=X', 'GBPUSD=X', 'JPYAUD=X', 'JPYCAD=X', 'JPYCHF=X', 'JPYEUR=X', 'JPYGBP=X', 'JPYUSD=X', 'USDAUD=X', 'USDCAD=X', 'USDCHF=X', 'USDEUR=X', 'USDGBP=X', 'USDJPY=X']",tensor(-209.9876),0.9877419685789645
7,"['AUDCAD=X', 'AUDCHF=X', 'AUDEUR=X', 'AUDGBP=X', 'AUDJPY=X', 'AUDUSD=X', 'CADAUD=X', 'CADCHF=X', 'CADEUR=X', 'CADGBP=X', 'CADJPY=X', 'CADUSD=X', 'CHFAUD=X', 'CHFCAD=X', 'CHFEUR=X', 'CHFGBP=X', 'CHFJPY=X', 'CHFUSD=X', 'EURAUD=X', 'EURCAD=X', 'EURCHF=X', 'EURGBP=X', 'EURJPY=X', 'EURUSD=X', 'GBPAUD=X', 'GBPCAD=X', 'GBPCHF=X', 'GBPEUR=X', 'GBPJPY=X', 'GBPUSD=X', 'JPYAUD=X', 'JPYCAD=X', 'JPYCHF=X', 'JPYEUR=X', 'JPYGBP=X', 'JPYUSD=X', 'USDAUD=X', 'USDCAD=X', 'USDCHF=X', 'USDEUR=X', 'USDGBP=X', 'USDJPY=X']",tensor(-209.9876),0.9877419685789645
8,"['AUDCAD=X', 'AUDCHF=X', 'AUDEUR=X', 'AUDGBP=X', 'AUDJPY=X', 'AUDUSD=X', 'CADAUD=X', 'CADCHF=X', 'CADEUR=X', 'CADGBP=X', 'CADJPY=X', 'CADUSD=X', 'CHFAUD=X', 'CHFCAD=X', 'CHFEUR=X', 'CHFGBP=X', 'CHFJPY=X', 'CHFUSD=X', 'EURAUD=X', 'EURCAD=X', 'EURCHF=X', 'EURGBP=X', 'EURJPY=X', 'EURUSD=X', 'GBPAUD=X', 'GBPCAD=X', 'GBPCHF=X', 'GBPEUR=X', 'GBPJPY=X', 'GBPUSD=X', 'JPYAUD=X', 'JPYCAD=X', 'JPYCHF=X', 'JPYEUR=X', 'JPYGBP=X', 'JPYUSD=X', 'USDAUD=X', 'USDCAD=X', 'USDCHF=X', 'USDEUR=X', 'USDGBP=X', 'USDJPY=X']",tensor(-209.9876),0.9877419685789645
9,"['AUDCAD=X', 'AUDCHF=X', 'AUDEUR=X', 'AUDGBP=X', 'AUDJPY=X', 'AUDUSD=X', 'CADAUD=X', 'CADCHF=X', 'CADEUR=X', 'CADGBP=X', 'CADJPY=X', 'CADUSD=X', 'CHFAUD=X', 'CHFCAD=X', 'CHFEUR=X', 'CHFGBP=X', 'CHFJPY=X', 'CHFUSD=X', 'EURAUD=X', 'EURCAD=X', 'EURCHF=X', 'EURGBP=X', 'EURJPY=X', 'EURUSD=X', 'GBPAUD=X', 'GBPCAD=X', 'GBPCHF=X', 'GBPEUR=X', 'GBPJPY=X', 'GBPUSD=X', 'JPYAUD=X', 'JPYCAD=X', 'JPYCHF=X', 'JPYEUR=X', 'JPYGBP=X', 'JPYUSD=X', 'USDAUD=X', 'USDCAD=X', 'USDCHF=X', 'USDEUR=X', 'USDGBP=X', 'USDJPY=X']",tensor(-209.9876),0.9877419685789645
10,"['AUDCAD=X', 'AUDCHF=X', 'AUDEUR=X', 'AUDGBP=X', 'AUDJPY=X', 'AUDUSD=X', 'CADAUD=X', 'CADCHF=X', 'CADEUR=X', 'CADGBP=X', 'CADJPY=X', 'CADUSD=X', 'CHFAUD=X', 'CHFCAD=X', 'CHFEUR=X', 'CHFGBP=X', 'CHFJPY=X', 'CHFUSD=X', 'EURAUD=X', 'EURCAD=X', 'EURCHF=X', 'EURGBP=X', 'EURJPY=X', 'EURUSD=X', 'GBPAUD=X', 'GBPCAD=X', 'GBPCHF=X', 'GBPEUR=X', 'GBPJPY=X', 'GBPUSD=X', 'JPYAUD=X', 'JPYCAD=X', 'JPYCHF=X', 'JPYEUR=X', 'JPYGBP=X', 'JPYUSD=X', 'USDAUD=X', 'USDCAD=X', 'USDCHF=X', 'USDEUR=X', 'USDGBP=X', 'USDJPY=X']",tensor(-209.9876),0.9877419685789645
11,"['AUDCAD=X', 'AUDCHF=X', 'AUDEUR=X', 'AUDGBP=X', 'AUDJPY=X', 'AUDUSD=X', 'CADAUD=X', 'CADCHF=X', 'CADEUR=X', 'CADGBP=X', 'CADJPY=X', 'CADUSD=X', 'CHFAUD=X', 'CHFCAD=X', 'CHFEUR=X', 'CHFGBP=X', 'CHFJPY=X', 'CHFUSD=X', 'EURAUD=X', 'EURCAD=X', 'EURCHF=X', 'EURGBP=X', 'EURJPY=X', 'EURUSD=X', 'GBPAUD=X', 'GBPCAD=X', 'GBPCHF=X', 'GBPEUR=X', 'GBPJPY=X', 'GBPUSD=X', 'JPYAUD=X', 'JPYCAD=X', 'JPYCHF=X', 'JPYEUR=X', 'JPYGBP=X', 'JPYUSD=X', 'USDAUD=X', 'USDCAD=X', 'USDCHF=X', 'USDEUR=X', 'USDGBP=X', 'USDJPY=X']",tensor(-209.9876),0.9877419685789645
12,"['AUDCAD=X', 'AUDCHF=X', 'AUDEUR=X', 'AUDGBP=X', 'AUDJPY=X', 'AUDUSD=X', 'CADAUD=X', 'CADCHF=X', 'CADEUR=X', 'CADGBP=X', 'CADJPY=X', 'CADUSD=X', 'CHFAUD=X', 'CHFCAD=X', 'CHFEUR=X', 'CHFGBP=X', 'CHFJPY=X', 'CHFUSD=X', 'EURAUD=X', 'EURCAD=X', 'EURCHF=X', 'EURGBP=X', 'EURJPY=X', 'EURUSD=X', 'GBPAUD=X', 'GBPCAD=X', 'GBPCHF=X', 'GBPEUR=X', 'GBPJPY=X', 'GBPUSD=X', 'JPYAUD=X', 'JPYCAD=X', 'JPYCHF=X', 'JPYEUR=X', 'JPYGBP=X', 'JPYUSD=X', 'USDAUD=X', 'USDCAD=X', 'USDCHF=X', 'USDEUR=X', 'USDGBP=X', 'USDJPY=X']",tensor(-209.9876),0.9877419685789645
13,"['AUDCAD=X', 'AUDCHF=X', 'AUDEUR=X', 'AUDGBP=X', 'AUDJPY=X', 'AUDUSD=X', 'CADAUD=X', 'CADCHF=X', 'CADEUR=X', 'CADGBP=X', 'CADJPY=X', 'CADUSD=X', 'CHFAUD=X', 'CHFCAD=X', 'CHFEUR=X', 'CHFGBP=X', 'CHFJPY=X', 'CHFUSD=X', 'EURAUD=X', 'EURCAD=X', 'EURCHF=X', 'EURGBP=X', 'EURJPY=X', 'EURUSD=X', 'GBPAUD=X', 'GBPCAD=X', 'GBPCHF=X', 'GBPEUR=X', 'GBPJPY=X', 'GBPUSD=X', 'JPYAUD=X', 'JPYCAD=X', 'JPYCHF=X', 'JPYEUR=X', 'JPYGBP=X', 'JPYUSD=X', 'USDAUD=X', 'USDCAD=X', 'USDCHF=X', 'USDEUR=X', 'USDGBP=X', 'USDJPY=X']",tensor(-209.9876),0.9877419685789645
14,"['AUDCAD=X', 'AUDCHF=X', 'AUDEUR=X', 'AUDGBP=X', 'AUDJPY=X', 'AUDUSD=X', 'CADAUD=X', 'CADCHF=X', 'CADEUR=X', 'CADGBP=X', 'CADJPY=X', 'CADUSD=X', 'CHFAUD=X', 'CHFCAD=X', 'CHFEUR=X', 'CHFGBP=X', 'CHFJPY=X', 'CHFUSD=X', 'EURAUD=X', 'EURCAD=X', 'EURCHF=X', 'EURGBP=X', 'EURJPY=X', 'EURUSD=X', 'GBPAUD=X', 'GBPCAD=X', 'GBPCHF=X', 'GBPEUR=X', 'GBPJPY=X', 'GBPUSD=X', 'JPYAUD=X', 'JPYCAD=X', 'JPYCHF=X', 'JPYEUR=X', 'JPYGBP=X', 'JPYUSD=X', 'USDAUD=X', 'USDCAD=X', 'USDCHF=X', 'USDEUR=X', 'USDGBP=X', 'USDJPY=X']",tensor(-209.9876),0.9877419685789645
15,"['AUDCAD=X', 'AUDCHF=X', 'AUDEUR=X', 'AUDGBP=X', 'AUDJPY=X', 'AUDUSD=X', 'CADAUD=X', 'CADCHF=X', 'CADEUR=X', 'CADGBP=X', 'CADJPY=X', 'CADUSD=X', 'CHFAUD=X', 'CHFCAD=X', 'CHFEUR=X', 'CHFGBP=X', 'CHFJPY=X', 'CHFUSD=X', 'EURAUD=X', 'EURCAD=X', 'EURCHF=X', 'EURGBP=X', 'EURJPY=X', 'EURUSD=X', 'GBPAUD=X', 'GBPCAD=X', 'GBPCHF=X', 'GBPEUR=X', 'GBPJPY=X', 'GBPUSD=X', 'JPYAUD=X', 'JPYCAD=X', 'JPYCHF=X', 'JPYEUR=X', 'JPYGBP=X', 'JPYUSD=X', 'USDAUD=X', 'USDCAD=X', 'USDCHF=X', 'USDEUR=X', 'USDGBP=X', 'USDJPY=X']",tensor(-209.9876),0.9877419685789645
16,"['AUDCAD=X', 'AUDCHF=X', 'AUDEUR=X', 'AUDGBP=X', 'AUDJPY=X', 'AUDUSD=X', 'CADAUD=X', 'CADCHF=X', 'CADEUR=X', 'CADGBP=X', 'CADJPY=X', 'CADUSD=X', 'CHFAUD=X', 'CHFCAD=X', 'CHFEUR=X', 'CHFGBP=X', 'CHFJPY=X', 'CHFUSD=X', 'EURAUD=X', 'EURCAD=X', 'EURCHF=X', 'EURGBP=X', 'EURJPY=X', 'EURUSD=X', 'GBPAUD=X', 'GBPCAD=X', 'GBPCHF=X', 'GBPEUR=X', 'GBPJPY=X', 'GBPUSD=X', 'JPYAUD=X', 'JPYCAD=X', 'JPYCHF=X', 'JPYEUR=X', 'JPYGBP=X', 'JPYUSD=X', 'USDAUD=X', 'USDCAD=X', 'USDCHF=X', 'USDEUR=X', 'USDGBP=X', 'USDJPY=X']",tensor(-209.9876),0.9877419685789645
17,"['AUDCAD=X', 'AUDCHF=X', 'AUDEUR=X', 'AUDGBP=X', 'AUDJPY=X', 'AUDUSD=X', 'CADAUD=X', 'CADCHF=X', 'CADEUR=X', 'CADGBP=X', 'CADJPY=X', 'CADUSD=X', 'CHFAUD=X', 'CHFCAD=X', 'CHFEUR=X', 'CHFGBP=X', 'CHFJPY=X', 'CHFUSD=X', 'EURAUD=X', 'EURCAD=X', 'EURCHF=X', 'EURGBP=X', 'EURJPY=X', 'EURUSD=X', 'GBPAUD=X', 'GBPCAD=X', 'GBPCHF=X', 'GBPEUR=X', 'GBPJPY=X', 'GBPUSD=X', 'JPYAUD=X', 'JPYCAD=X', 'JPYCHF=X', 'JPYEUR=X', 'JPYGBP=X', 'JPYUSD=X', 'USDAUD=X', 'USDCAD=X', 'USDCHF=X', 'USDEUR=X', 'USDGBP=X', 'USDJPY=X']",tensor(-209.9876),0.9877419685789645
18,"['AUDCAD=X', 'AUDCHF=X', 'AUDEUR=X', 'AUDGBP=X', 'AUDJPY=X', 'AUDUSD=X', 'CADAUD=X', 'CADCHF=X', 'CADEUR=X', 'CADGBP=X', 'CADJPY=X', 'CADUSD=X', 'CHFAUD=X', 'CHFCAD=X', 'CHFEUR=X', 'CHFGBP=X', 'CHFJPY=X', 'CHFUSD=X', 'EURAUD=X', 'EURCAD=X', 'EURCHF=X', 'EURGBP=X', 'EURJPY=X', 'EURUSD=X', 'GBPAUD=X', 'GBPCAD=X', 'GBPCHF=X', 'GBPEUR=X', 'GBPJPY=X', 'GBPUSD=X', 'JPYAUD=X', 'JPYCAD=X', 'JPYCHF=X', 'JPYEUR=X', 'JPYGBP=X', 'JPYUSD=X', 'USDAUD=X', 'USDCAD=X', 'USDCHF=X', 'USDEUR=X', 'USDGBP=X', 'USDJPY=X']",tensor(-209.9876),0.9877419685789645
19,"['AUDCAD=X', 'AUDCHF=X', 'AUDEUR=X', 'AUDGBP=X', 'AUDJPY=X', 'AUDUSD=X', 'CADAUD=X', 'CADCHF=X', 'CADEUR=X', 'CADGBP=X', 'CADJPY=X', 'CADUSD=X', 'CHFAUD=X', 'CHFCAD=X', 'CHFEUR=X', 'CHFGBP=X', 'CHFJPY=X', 'CHFUSD=X', 'EURAUD=X', 'EURCAD=X', 'EURCHF=X', 'EURGBP=X', 'EURJPY=X', 'EURUSD=X', 'GBPAUD=X', 'GBPCAD=X', 'GBPCHF=X', 'GBPEUR=X', 'GBPJPY=X', 'GBPUSD=X', 'JPYAUD=X', 'JPYCAD=X', 'JPYCHF=X', 'JPYEUR=X', 'JPYGBP=X', 'JPYUSD=X', 'USDAUD=X', 'USDCAD=X', 'USDCHF=X', 'USDEUR=X', 'USDGBP=X', 'USDJPY=X']",tensor(-209.9876),0.9877419685789645
20,"['AUDCAD=X', 'AUDCHF=X', 'AUDEUR=X', 'AUDGBP=X', 'AUDJPY=X', 'AUDUSD=X', 'CADAUD=X', 'CADCHF=X', 'CADEUR=X', 'CADGBP=X', 'CADJPY=X', 'CADUSD=X', 'CHFAUD=X', 'CHFCAD=X', 'CHFEUR=X', 'CHFGBP=X', 'CHFJPY=X', 'CHFUSD=X', 'EURAUD=X', 'EURCAD=X', 'EURCHF=X', 'EURGBP=X', 'EURJPY=X', 'EURUSD=X', 'GBPAUD=X', 'GBPCAD=X', 'GBPCHF=X', 'GBPEUR=X', 'GBPJPY=X', 'GBPUSD=X', 'JPYAUD=X', 'JPYCAD=X', 'JPYCHF=X', 'JPYEUR=X', 'JPYGBP=X', 'JPYUSD=X', 'USDAUD=X', 'USDCAD=X', 'USDCHF=X', 'USDEUR=X', 'USDGBP=X', 'USDJPY=X']",tensor(-209.9876),0.9877419685789645
21,"['AUDCAD=X', 'AUDCHF=X', 'AUDEUR=X', 'AUDGBP=X', 'AUDJPY=X', 'AUDUSD=X', 'CADAUD=X', 'CADCHF=X', 'CADEUR=X', 'CADGBP=X', 'CADJPY=X', 'CADUSD=X', 'CHFAUD=X', 'CHFCAD=X', 'CHFEUR=X', 'CHFGBP=X', 'CHFJPY=X', 'CHFUSD=X', 'EURAUD=X', 'EURCAD=X', 'EURCHF=X', 'EURGBP=X', 'EURJPY=X', 'EURUSD=X', 'GBPAUD=X', 'GBPCAD=X', 'GBPCHF=X', 'GBPEUR=X', 'GBPJPY=X', 'GBPUSD=X', 'JPYAUD=X', 'JPYCAD=X', 'JPYCHF=X', 'JPYEUR=X', 'JPYGBP=X', 'JPYUSD=X', 'USDAUD=X', 'USDCAD=X', 'USDCHF=X', 'USDEUR=X', 'USDGBP=X', 'USDJPY=X']",tensor(-209.9876),0.9877419685789645
22,"['AUDCAD=X', 'AUDCHF=X', 'AUDEUR=X', 'AUDGBP=X', 'AUDJPY=X', 'AUDUSD=X', 'CADAUD=X', 'CADCHF=X', 'CADEUR=X', 'CADGBP=X', 'CADJPY=X', 'CADUSD=X', 'CHFAUD=X', 'CHFCAD=X', 'CHFEUR=X', 'CHFGBP=X', 'CHFJPY=X', 'CHFUSD=X', 'EURAUD=X', 'EURCAD=X', 'EURCHF=X', 'EURGBP=X', 'EURJPY=X', 'EURUSD=X', 'GBPAUD=X', 'GBPCAD=X', 'GBPCHF=X', 'GBPEUR=X', 'GBPJPY=X', 'GBPUSD=X', 'JPYAUD=X', 'JPYCAD=X', 'JPYCHF=X', 'JPYEUR=X', 'JPYGBP=X', 'JPYUSD=X', 'USDAUD=X', 'USDCAD=X', 'USDCHF=X', 'USDEUR=X', 'USDGBP=X', 'USDJPY=X']",tensor(-209.9876),0.9877419685789645
23,"['AUDCAD=X', 'AUDCHF=X', 'AUDEUR=X', 'AUDGBP=X', 'AUDJPY=X', 'AUDUSD=X', 'CADAUD=X', 'CADCHF=X', 'CADEUR=X', 'CADGBP=X', 'CADJPY=X', 'CADUSD=X', 'CHFAUD=X', 'CHFCAD=X', 'CHFEUR=X', 'CHFGBP=X', 'CHFJPY=X', 'CHFUSD=X', 'EURAUD=X', 'EURCAD=X', 'EURCHF=X', 'EURGBP=X', 'EURJPY=X', 'EURUSD=X', 'GBPAUD=X', 'GBPCAD=X', 'GBPCHF=X', 'GBPEUR=X', 'GBPJPY=X', 'GBPUSD=X', 'JPYAUD=X', 'JPYCAD=X', 'JPYCHF=X', 'JPYEUR=X', 'JPYGBP=X', 'JPYUSD=X', 'USDAUD=X', 'USDCAD=X', 'USDCHF=X', 'USDEUR=X', 'USDGBP=X', 'USDJPY=X']",tensor(-209.9876),0.9877419685789645
24,"['AUDCAD=X', 'AUDCHF=X', 'AUDEUR=X', 'AUDGBP=X', 'AUDJPY=X', 'AUDUSD=X', 'CADAUD=X', 'CADCHF=X', 'CADEUR=X', 'CADGBP=X', 'CADJPY=X', 'CADUSD=X', 'CHFAUD=X', 'CHFCAD=X', 'CHFEUR=X', 'CHFGBP=X', 'CHFJPY=X', 'CHFUSD=X', 'EURAUD=X', 'EURCAD=X', 'EURCHF=X', 'EURGBP=X', 'EURJPY=X', 'EURUSD=X', 'GBPAUD=X', 'GBPCAD=X', 'GBPCHF=X', 'GBPEUR=X', 'GBPJPY=X', 'GBPUSD=X', 'JPYAUD=X', 'JPYCAD=X', 'JPYCHF=X', 'JPYEUR=X', 'JPYGBP=X', 'JPYUSD=X', 'USDAUD=X', 'USDCAD=X', 'USDCHF=X', 'USDEUR=X', 'USDGBP=X', 'USDJPY=X']",tensor(-209.9876),0.9877419685789645
25,"['AUDCAD=X', 'AUDCHF=X', 'AUDEUR=X', 'AUDGBP=X', 'AUDJPY=X', 'AUDUSD=X', 'CADAUD=X', 'CADCHF=X', 'CADEUR=X', 'CADGBP=X', 'CADJPY=X', 'CADUSD=X', 'CHFAUD=X', 'CHFCAD=X', 'CHFEUR=X', 'CHFGBP=X', 'CHFJPY=X', 'CHFUSD=X', 'EURAUD=X', 'EURCAD=X', 'EURCHF=X', 'EURGBP=X', 'EURJPY=X', 'EURUSD=X', 'GBPAUD=X', 'GBPCAD=X', 'GBPCHF=X', 'GBPEUR=X', 'GBPJPY=X', 'GBPUSD=X', 'JPYAUD=X', 'JPYCAD=X', 'JPYCHF=X', 'JPYEUR=X', 'JPYGBP=X', 'JPYUSD=X', 'USDAUD=X', 'USDCAD=X', 'USDCHF=X', 'USDEUR=X', 'USDGBP=X', 'USDJPY=X']",tensor(-209.9876),0.9877419685789645
26,"['AUDCAD=X', 'AUDCHF=X', 'AUDEUR=X', 'AUDGBP=X', 'AUDJPY=X', 'AUDUSD=X', 'CADAUD=X', 'CADCHF=X', 'CADEUR=X', 'CADGBP=X', 'CADJPY=X', 'CADUSD=X', 'CHFAUD=X', 'CHFCAD=X', 'CHFEUR=X', 'CHFGBP=X', 'CHFJPY=X', 'CHFUSD=X', 'EURAUD=X', 'EURCAD=X', 'EURCHF=X', 'EURGBP=X', 'EURJPY=X', 'EURUSD=X', 'GBPAUD=X', 'GBPCAD=X', 'GBPCHF=X', 'GBPEUR=X', 'GBPJPY=X', 'GBPUSD=X', 'JPYAUD=X', 'JPYCAD=X', 'JPYCHF=X', 'JPYEUR=X', 'JPYGBP=X', 'JPYUSD=X', 'USDAUD=X', 'USDCAD=X', 'USDCHF=X', 'USDEUR=X', 'USDGBP=X', 'USDJPY=X']",tensor(-209.9876),0.9877419685789645
27,"['AUDCAD=X', 'AUDCHF=X', 'AUDEUR=X', 'AUDGBP=X', 'AUDJPY=X', 'AUDUSD=X', 'CADAUD=X', 'CADCHF=X', 'CADEUR=X', 'CADGBP=X', 'CADJPY=X', 'CADUSD=X', 'CHFAUD=X', 'CHFCAD=X', 'CHFEUR=X', 'CHFGBP=X', 'CHFJPY=X', 'CHFUSD=X', 'EURAUD=X', 'EURCAD=X', 'EURCHF=X', 'EURGBP=X', 'EURJPY=X', 'EURUSD=X', 'GBPAUD=X', 'GBPCAD=X', 'GBPCHF=X', 'GBPEUR=X', 'GBPJPY=X', 'GBPUSD=X', 'JPYAUD=X', 'JPYCAD=X', 'JPYCHF=X', 'JPYEUR=X', 'JPYGBP=X', 'JPYUSD=X', 'USDAUD=X', 'USDCAD=X', 'USDCHF=X', 'USDEUR=X', 'USDGBP=X', 'USDJPY=X']",tensor(-209.9876),0.9877419685789645
28,"['AUDCAD=X', 'AUDCHF=X', 'AUDEUR=X', 'AUDGBP=X', 'AUDJPY=X', 'AUDUSD=X', 'CADAUD=X', 'CADCHF=X', 'CADEUR=X', 'CADGBP=X', 'CADJPY=X', 'CADUSD=X', 'CHFAUD=X', 'CHFCAD=X', 'CHFEUR=X', 'CHFGBP=X', 'CHFJPY=X', 'CHFUSD=X', 'EURAUD=X', 'EURCAD=X', 'EURCHF=X', 'EURGBP=X', 'EURJPY=X', 'EURUSD=X', 'GBPAUD=X', 'GBPCAD=X', 'GBPCHF=X', 'GBPEUR=X', 'GBPJPY=X', 'GBPUSD=X', 'JPYAUD=X', 'JPYCAD=X', 'JPYCHF=X', 'JPYEUR=X', 'JPYGBP=X', 'JPYUSD=X', 'USDAUD=X', 'USDCAD=X', 'USDCHF=X', 'USDEUR=X', 'USDGBP=X', 'USDJPY=X']",tensor(-209.9876),0.9877419685789645
29,"['AUDCAD=X', 'AUDCHF=X', 'AUDEUR=X', 'AUDGBP=X', 'AUDJPY=X', 'AUDUSD=X', 'CADAUD=X', 'CADCHF=X', 'CADEUR=X', 'CADGBP=X', 'CADJPY=X', 'CADUSD=X', 'CHFAUD=X', 'CHFCAD=X', 'CHFEUR=X', 'CHFGBP=X', 'CHFJPY=X', 'CHFUSD=X', 'EURAUD=X', 'EURCAD=X', 'EURCHF=X', 'EURGBP=X', 'EURJPY=X', 'EURUSD=X', 'GBPAUD=X', 'GBPCAD=X', 'GBPCHF=X', 'GBPEUR=X', 'GBPJPY=X', 'GBPUSD=X', 'JPYAUD=X', 'JPYCAD=X', 'JPYCHF=X', 'JPYEUR=X', 'JPYGBP=X', 'JPYUSD=X', 'USDAUD=X', 'USDCAD=X', 'USDCHF=X', 'USDEUR=X', 'USDGBP=X', 'USDJPY=X']",tensor(-209.9876),0.9877419685789645
30,"['AUDCAD=X', 'AUDCHF=X', 'AUDEUR=X', 'AUDGBP=X', 'AUDJPY=X', 'AUDUSD=X', 'CADAUD=X', 'CADCHF=X', 'CADEUR=X', 'CADGBP=X', 'CADJPY=X', 'CADUSD=X', 'CHFAUD=X', 'CHFCAD=X', 'CHFEUR=X', 'CHFGBP=X', 'CHFJPY=X', 'CHFUSD=X', 'EURAUD=X', 'EURCAD=X', 'EURCHF=X', 'EURGBP=X', 'EURJPY=X', 'EURUSD=X', 'GBPAUD=X', 'GBPCAD=X', 'GBPCHF=X', 'GBPEUR=X', 'GBPJPY=X', 'GBPUSD=X', 'JPYAUD=X', 'JPYCAD=X', 'JPYCHF=X', 'JPYEUR=X', 'JPYGBP=X', 'JPYUSD=X', 'USDAUD=X', 'USDCAD=X', 'USDCHF=X', 'USDEUR=X', 'USDGBP=X', 'USDJPY=X']",tensor(-209.9876),0.9877419685789645
31,"['AUDCAD=X', 'AUDCHF=X', 'AUDEUR=X', 'AUDGBP=X', 'AUDJPY=X', 'AUDUSD=X', 'CADAUD=X', 'CADCHF=X', 'CADEUR=X', 'CADGBP=X', 'CADJPY=X', 'CADUSD=X', 'CHFAUD=X', 'CHFCAD=X', 'CHFEUR=X', 'CHFGBP=X', 'CHFJPY=X', 'CHFUSD=X', 'EURAUD=X', 'EURCAD=X', 'EURCHF=X', 'EURGBP=X', 'EURJPY=X', 'EURUSD=X', 'GBPAUD=X', 'GBPCAD=X', 'GBPCHF=X', 'GBPEUR=X', 'GBPJPY=X', 'GBPUSD=X', 'JPYAUD=X', 'JPYCAD=X', 'JPYCHF=X', 'JPYEUR=X', 'JPYGBP=X', 'JPYUSD=X', 'USDAUD=X', 'USDCAD=X', 'USDCHF=X', 'USDEUR=X', 'USDGBP=X', 'USDJPY=X']",tensor(-209.9876),0.9877419685789645
32,"['AUDCAD=X', 'AUDCHF=X', 'AUDEUR=X', 'AUDGBP=X', 'AUDJPY=X', 'AUDUSD=X', 'CADAUD=X', 'CADCHF=X', 'CADEUR=X', 'CADGBP=X', 'CADJPY=X', 'CADUSD=X', 'CHFAUD=X', 'CHFCAD=X', 'CHFEUR=X', 'CHFGBP=X', 'CHFJPY=X', 'CHFUSD=X', 'EURAUD=X', 'EURCAD=X', 'EURCHF=X', 'EURGBP=X', 'EURJPY=X', 'EURUSD=X', 'GBPAUD=X', 'GBPCAD=X', 'GBPCHF=X', 'GBPEUR=X', 'GBPJPY=X', 'GBPUSD=X', 'JPYAUD=X', 'JPYCAD=X', 'JPYCHF=X', 'JPYEUR=X', 'JPYGBP=X', 'JPYUSD=X', 'USDAUD=X', 'USDCAD=X', 'USDCHF=X', 'USDEUR=X', 'USDGBP=X', 'USDJPY=X']",tensor(-209.9876),0.9877419685789645
33,"['AUDCAD=X', 'AUDCHF=X', 'AUDEUR=X', 'AUDGBP=X', 'AUDJPY=X', 'AUDUSD=X', 'CADAUD=X', 'CADCHF=X', 'CADEUR=X', 'CADGBP=X', 'CADJPY=X', 'CADUSD=X', 'CHFAUD=X', 'CHFCAD=X', 'CHFEUR=X', 'CHFGBP=X', 'CHFJPY=X', 'CHFUSD=X', 'EURAUD=X', 'EURCAD=X', 'EURCHF=X', 'EURGBP=X', 'EURJPY=X', 'EURUSD=X', 'GBPAUD=X', 'GBPCAD=X', 'GBPCHF=X', 'GBPEUR=X', 'GBPJPY=X', 'GBPUSD=X', 'JPYAUD=X', 'JPYCAD=X', 'JPYCHF=X', 'JPYEUR=X', 'JPYGBP=X', 'JPYUSD=X', 'USDAUD=X', 'USDCAD=X', 'USDCHF=X', 'USDEUR=X', 'USDGBP=X', 'USDJPY=X']",tensor(-209.9876),0.9877419685789645
34,"['AUDCAD=X', 'AUDCHF=X', 'AUDEUR=X', 'AUDGBP=X', 'AUDJPY=X', 'AUDUSD=X', 'CADAUD=X', 'CADCHF=X', 'CADEUR=X', 'CADGBP=X', 'CADJPY=X', 'CADUSD=X', 'CHFAUD=X', 'CHFCAD=X', 'CHFEUR=X', 'CHFGBP=X', 'CHFJPY=X', 'CHFUSD=X', 'EURAUD=X', 'EURCAD=X', 'EURCHF=X', 'EURGBP=X', 'EURJPY=X', 'EURUSD=X', 'GBPAUD=X', 'GBPCAD=X', 'GBPCHF=X', 'GBPEUR=X', 'GBPJPY=X', 'GBPUSD=X', 'JPYAUD=X', 'JPYCAD=X', 'JPYCHF=X', 'JPYEUR=X', 'JPYGBP=X', 'JPYUSD=X', 'USDAUD=X', 'USDCAD=X', 'USDCHF=X', 'USDEUR=X', 'USDGBP=X', 'USDJPY=X']",tensor(-209.9876),0.9877419685789645
35,"['AUDCAD=X', 'AUDCHF=X', 'AUDEUR=X', 'AUDGBP=X', 'AUDJPY=X', 'AUDUSD=X', 'CADAUD=X', 'CADCHF=X', 'CADEUR=X', 'CADGBP=X', 'CADJPY=X', 'CADUSD=X', 'CHFAUD=X', 'CHFCAD=X', 'CHFEUR=X', 'CHFGBP=X', 'CHFJPY=X', 'CHFUSD=X', 'EURAUD=X', 'EURCAD=X', 'EURCHF=X', 'EURGBP=X', 'EURJPY=X', 'EURUSD=X', 'GBPAUD=X', 'GBPCAD=X', 'GBPCHF=X', 'GBPEUR=X', 'GBPJPY=X', 'GBPUSD=X', 'JPYAUD=X', 'JPYCAD=X', 'JPYCHF=X', 'JPYEUR=X', 'JPYGBP=X', 'JPYUSD=X', 'USDAUD=X', 'USDCAD=X', 'USDCHF=X', 'USDEUR=X', 'USDGBP=X', 'USDJPY=X']",tensor(-209.9876),0.9877419685789645
36,"['AUDCAD=X', 'AUDCHF=X', 'AUDEUR=X', 'AUDGBP=X', 'AUDJPY=X', 'AUDUSD=X', 'CADAUD=X', 'CADCHF=X', 'CADEUR=X', 'CADGBP=X', 'CADJPY=X', 'CADUSD=X', 'CHFAUD=X', 'CHFCAD=X', 'CHFEUR=X', 'CHFGBP=X', 'CHFJPY=X', 'CHFUSD=X', 'EURAUD=X', 'EURCAD=X', 'EURCHF=X', 'EURGBP=X', 'EURJPY=X', 'EURUSD=X', 'GBPAUD=X', 'GBPCAD=X', 'GBPCHF=X', 'GBPEUR=X', 'GBPJPY=X', 'GBPUSD=X', 'JPYAUD=X', 'JPYCAD=X', 'JPYCHF=X', 'JPYEUR=X', 'JPYGBP=X', 'JPYUSD=X', 'USDAUD=X', 'USDCAD=X', 'USDCHF=X', 'USDEUR=X', 'USDGBP=X', 'USDJPY=X']",tensor(-209.9876),0.9877419685789645
37,"['AUDCAD=X', 'AUDCHF=X', 'AUDEUR=X', 'AUDGBP=X', 'AUDJPY=X', 'AUDUSD=X', 'CADAUD=X', 'CADCHF=X', 'CADEUR=X', 'CADGBP=X', 'CADJPY=X', 'CADUSD=X', 'CHFAUD=X', 'CHFCAD=X', 'CHFEUR=X', 'CHFGBP=X', 'CHFJPY=X', 'CHFUSD=X', 'EURAUD=X', 'EURCAD=X', 'EURCHF=X', 'EURGBP=X', 'EURJPY=X', 'EURUSD=X', 'GBPAUD=X', 'GBPCAD=X', 'GBPCHF=X', 'GBPEUR=X', 'GBPJPY=X', 'GBPUSD=X', 'JPYAUD=X', 'JPYCAD=X', 'JPYCHF=X', 'JPYEUR=X', 'JPYGBP=X', 'JPYUSD=X', 'USDAUD=X', 'USDCAD=X', 'USDCHF=X', 'USDEUR=X', 'USDGBP=X', 'USDJPY=X']",tensor(-209.9876),0.9877419685789645
38,"['AUDCAD=X', 'AUDCHF=X', 'AUDEUR=X', 'AUDGBP=X', 'AUDJPY=X', 'AUDUSD=X', 'CADAUD=X', 'CADCHF=X', 'CADEUR=X', 'CADGBP=X', 'CADJPY=X', 'CADUSD=X', 'CHFAUD=X', 'CHFCAD=X', 'CHFEUR=X', 'CHFGBP=X', 'CHFJPY=X', 'CHFUSD=X', 'EURAUD=X', 'EURCAD=X', 'EURCHF=X', 'EURGBP=X', 'EURJPY=X', 'EURUSD=X', 'GBPAUD=X', 'GBPCAD=X', 'GBPCHF=X', 'GBPEUR=X', 'GBPJPY=X', 'GBPUSD=X', 'JPYAUD=X', 'JPYCAD=X', 'JPYCHF=X', 'JPYEUR=X', 'JPYGBP=X', 'JPYUSD=X', 'USDAUD=X', 'USDCAD=X', 'USDCHF=X', 'USDEUR=X', 'USDGBP=X', 'USDJPY=X']",tensor(-209.9876),0.9877419685789645
39,"['AUDCAD=X', 'AUDCHF=X', 'AUDEUR=X', 'AUDGBP=X', 'AUDJPY=X', 'AUDUSD=X', 'CADAUD=X', 'CADCHF=X', 'CADEUR=X', 'CADGBP=X', 'CADJPY=X', 'CADUSD=X', 'CHFAUD=X', 'CHFCAD=X', 'CHFEUR=X', 'CHFGBP=X', 'CHFJPY=X', 'CHFUSD=X', 'EURAUD=X', 'EURCAD=X', 'EURCHF=X', 'EURGBP=X', 'EURJPY=X', 'EURUSD=X', 'GBPAUD=X', 'GBPCAD=X', 'GBPCHF=X', 'GBPEUR=X', 'GBPJPY=X', 'GBPUSD=X', 'JPYAUD=X', 'JPYCAD=X', 'JPYCHF=X', 'JPYEUR=X', 'JPYGBP=X', 'JPYUSD=X', 'USDAUD=X', 'USDCAD=X', 'USDCHF=X', 'USDEUR=X', 'USDGBP=X', 'USDJPY=X']",tensor(-209.9876),0.9877419685789645
40,"['AUDCAD=X', 'AUDCHF=X', 'AUDEUR=X', 'AUDGBP=X', 'AUDJPY=X', 'AUDUSD=X', 'CADAUD=X', 'CADCHF=X', 'CADEUR=X', 'CADGBP=X', 'CADJPY=X', 'CADUSD=X', 'CHFAUD=X', 'CHFCAD=X', 'CHFEUR=X', 'CHFGBP=X', 'CHFJPY=X', 'CHFUSD=X', 'EURAUD=X', 'EURCAD=X', 'EURCHF=X', 'EURGBP=X', 'EURJPY=X', 'EURUSD=X', 'GBPAUD=X', 'GBPCAD=X', 'GBPCHF=X', 'GBPEUR=X', 'GBPJPY=X', 'GBPUSD=X', 'JPYAUD=X', 'JPYCAD=X', 'JPYCHF=X', 'JPYEUR=X', 'JPYGBP=X', 'JPYUSD=X', 'USDAUD=X', 'USDCAD=X', 'USDCHF=X', 'USDEUR=X', 'USDGBP=X', 'USDJPY=X']",tensor(-209.9876),0.9877419685789645
41,"['AUDCAD=X', 'AUDCHF=X', 'AUDEUR=X', 'AUDGBP=X', 'AUDJPY=X', 'AUDUSD=X', 'CADAUD=X', 'CADCHF=X', 'CADEUR=X', 'CADGBP=X', 'CADJPY=X', 'CADUSD=X', 'CHFAUD=X', 'CHFCAD=X', 'CHFEUR=X', 'CHFGBP=X', 'CHFJPY=X', 'CHFUSD=X', 'EURAUD=X', 'EURCAD=X', 'EURCHF=X', 'EURGBP=X', 'EURJPY=X', 'EURUSD=X', 'GBPAUD=X', 'GBPCAD=X', 'GBPCHF=X', 'GBPEUR=X', 'GBPJPY=X', 'GBPUSD=X', 'JPYAUD=X', 'JPYCAD=X', 'JPYCHF=X', 'JPYEUR=X', 'JPYGBP=X', 'JPYUSD=X', 'USDAUD=X', 'USDCAD=X', 'USDCHF=X', 'USDEUR=X', 'USDGBP=X', 'USDJPY=X']",tensor(-209.9876),0.9877419685789645
42,"['AUDCAD=X', 'AUDCHF=X', 'AUDEUR=X', 'AUDGBP=X', 'AUDJPY=X', 'AUDUSD=X', 'CADAUD=X', 'CADCHF=X', 'CADEUR=X', 'CADGBP=X', 'CADJPY=X', 'CADUSD=X', 'CHFAUD=X', 'CHFCAD=X', 'CHFEUR=X', 'CHFGBP=X', 'CHFJPY=X', 'CHFUSD=X', 'EURAUD=X', 'EURCAD=X', 'EURCHF=X', 'EURGBP=X', 'EURJPY=X', 'EURUSD=X', 'GBPAUD=X', 'GBPCAD=X', 'GBPCHF=X', 'GBPEUR=X', 'GBPJPY=X', 'GBPUSD=X', 'JPYAUD=X', 'JPYCAD=X', 'JPYCHF=X', 'JPYEUR=X', 'JPYGBP=X', 'JPYUSD=X', 'USDAUD=X', 'USDCAD=X', 'USDCHF=X', 'USDEUR=X', 'USDGBP=X', 'USDJPY=X']",tensor(-209.9876),0.9877419685789645
43,"['AUDCAD=X', 'AUDCHF=X', 'AUDEUR=X', 'AUDGBP=X', 'AUDJPY=X', 'AUDUSD=X', 'CADAUD=X', 'CADCHF=X', 'CADEUR=X', 'CADGBP=X', 'CADJPY=X', 'CADUSD=X', 'CHFAUD=X', 'CHFCAD=X', 'CHFEUR=X', 'CHFGBP=X', 'CHFJPY=X', 'CHFUSD=X', 'EURAUD=X', 'EURCAD=X', 'EURCHF=X', 'EURGBP=X', 'EURJPY=X', 'EURUSD=X', 'GBPAUD=X', 'GBPCAD=X', 'GBPCHF=X', 'GBPEUR=X', 'GBPJPY=X', 'GBPUSD=X', 'JPYAUD=X', 'JPYCAD=X', 'JPYCHF=X', 'JPYEUR=X', 'JPYGBP=X', 'JPYUSD=X', 'USDAUD=X', 'USDCAD=X', 'USDCHF=X', 'USDEUR=X', 'USDGBP=X', 'USDJPY=X']",tensor(-209.9876),0.9877419685789645
44,"['AUDCAD=X', 'AUDCHF=X', 'AUDEUR=X', 'AUDGBP=X', 'AUDJPY=X', 'AUDUSD=X', 'CADAUD=X', 'CADCHF=X', 'CADEUR=X', 'CADGBP=X', 'CADJPY=X', 'CADUSD=X', 'CHFAUD=X', 'CHFCAD=X', 'CHFEUR=X', 'CHFGBP=X', 'CHFJPY=X', 'CHFUSD=X', 'EURAUD=X', 'EURCAD=X', 'EURCHF=X', 'EURGBP=X', 'EURJPY=X', 'EURUSD=X', 'GBPAUD=X', 'GBPCAD=X', 'GBPCHF=X', 'GBPEUR=X', 'GBPJPY=X', 'GBPUSD=X', 'JPYAUD=X', 'JPYCAD=X', 'JPYCHF=X', 'JPYEUR=X', 'JPYGBP=X', 'JPYUSD=X', 'USDAUD=X', 'USDCAD=X', 'USDCHF=X', 'USDEUR=X', 'USDGBP=X', 'USDJPY=X']",tensor(-209.9876),0.9877419685789645
45,"['AUDCAD=X', 'AUDCHF=X', 'AUDEUR=X', 'AUDGBP=X', 'AUDJPY=X', 'AUDUSD=X', 'CADAUD=X', 'CADCHF=X', 'CADEUR=X', 'CADGBP=X', 'CADJPY=X', 'CADUSD=X', 'CHFAUD=X', 'CHFCAD=X', 'CHFEUR=X', 'CHFGBP=X', 'CHFJPY=X', 'CHFUSD=X', 'EURAUD=X', 'EURCAD=X', 'EURCHF=X', 'EURGBP=X', 'EURJPY=X', 'EURUSD=X', 'GBPAUD=X', 'GBPCAD=X', 'GBPCHF=X', 'GBPEUR=X', 'GBPJPY=X', 'GBPUSD=X', 'JPYAUD=X', 'JPYCAD=X', 'JPYCHF=X', 'JPYEUR=X', 'JPYGBP=X', 'JPYUSD=X', 'USDAUD=X', 'USDCAD=X', 'USDCHF=X', 'USDEUR=X', 'USDGBP=X', 'USDJPY=X']",tensor(-209.9876),0.9877419685789645
46,"['AUDCAD=X', 'AUDCHF=X', 'AUDEUR=X', 'AUDGBP=X', 'AUDJPY=X', 'AUDUSD=X', 'CADAUD=X', 'CADCHF=X', 'CADEUR=X', 'CADGBP=X', 'CADJPY=X', 'CADUSD=X', 'CHFAUD=X', 'CHFCAD=X', 'CHFEUR=X', 'CHFGBP=X', 'CHFJPY=X', 'CHFUSD=X', 'EURAUD=X', 'EURCAD=X', 'EURCHF=X', 'EURGBP=X', 'EURJPY=X', 'EURUSD=X', 'GBPAUD=X', 'GBPCAD=X', 'GBPCHF=X', 'GBPEUR=X', 'GBPJPY=X', 'GBPUSD=X', 'JPYAUD=X', 'JPYCAD=X', 'JPYCHF=X', 'JPYEUR=X', 'JPYGBP=X', 'JPYUSD=X', 'USDAUD=X', 'USDCAD=X', 'USDCHF=X', 'USDEUR=X', 'USDGBP=X', 'USDJPY=X']",tensor(-209.9876),0.9877419685789645
47,"['AUDCAD=X', 'AUDCHF=X', 'AUDEUR=X', 'AUDGBP=X', 'AUDJPY=X', 'AUDUSD=X', 'CADAUD=X', 'CADCHF=X', 'CADEUR=X', 'CADGBP=X', 'CADJPY=X', 'CADUSD=X', 'CHFAUD=X', 'CHFCAD=X', 'CHFEUR=X', 'CHFGBP=X', 'CHFJPY=X', 'CHFUSD=X', 'EURAUD=X', 'EURCAD=X', 'EURCHF=X', 'EURGBP=X', 'EURJPY=X', 'EURUSD=X', 'GBPAUD=X', 'GBPCAD=X', 'GBPCHF=X', 'GBPEUR=X', 'GBPJPY=X', 'GBPUSD=X', 'JPYAUD=X', 'JPYCAD=X', 'JPYCHF=X', 'JPYEUR=X', 'JPYGBP=X', 'JPYUSD=X', 'USDAUD=X', 'USDCAD=X', 'USDCHF=X', 'USDEUR=X', 'USDGBP=X', 'USDJPY=X']",tensor(-209.9876),0.9877419685789645
48,"['AUDCAD=X', 'AUDCHF=X', 'AUDEUR=X', 'AUDGBP=X', 'AUDJPY=X', 'AUDUSD=X', 'CADAUD=X', 'CADCHF=X', 'CADEUR=X', 'CADGBP=X', 'CADJPY=X', 'CADUSD=X', 'CHFAUD=X', 'CHFCAD=X', 'CHFEUR=X', 'CHFGBP=X', 'CHFJPY=X', 'CHFUSD=X', 'EURAUD=X', 'EURCAD=X', 'EURCHF=X', 'EURGBP=X', 'EURJPY=X', 'EURUSD=X', 'GBPAUD=X', 'GBPCAD=X', 'GBPCHF=X', 'GBPEUR=X', 'GBPJPY=X', 'GBPUSD=X', 'JPYAUD=X', 'JPYCAD=X', 'JPYCHF=X', 'JPYEUR=X', 'JPYGBP=X', 'JPYUSD=X', 'USDAUD=X', 'USDCAD=X', 'USDCHF=X', 'USDEUR=X', 'USDGBP=X', 'USDJPY=X']",tensor(-209.9876),0.9877419685789645
49,"['AUDCAD=X', 'AUDCHF=X', 'AUDEUR=X', 'AUDGBP=X', 'AUDJPY=X', 'AUDUSD=X', 'CADAUD=X', 'CADCHF=X', 'CADEUR=X', 'CADGBP=X', 'CADJPY=X', 'CADUSD=X', 'CHFAUD=X', 'CHFCAD=X', 'CHFEUR=X', 'CHFGBP=X', 'CHFJPY=X', 'CHFUSD=X', 'EURAUD=X', 'EURCAD=X', 'EURCHF=X', 'EURGBP=X', 'EURJPY=X', 'EURUSD=X', 'GBPAUD=X', 'GBPCAD=X', 'GBPCHF=X', 'GBPEUR=X', 'GBPJPY=X', 'GBPUSD=X', 'JPYAUD=X', 'JPYCAD=X', 'JPYCHF=X', 'JPYEUR=X', 'JPYGBP=X', 'JPYUSD=X', 'USDAUD=X', 'USDCAD=X', 'USDCHF=X', 'USDEUR=X', 'USDGBP=X', 'USDJPY=X']",tensor(-209.9876),0.9877419685789645
50,"['AUDCAD=X', 'AUDCHF=X', 'AUDEUR=X', 'AUDGBP=X', 'AUDJPY=X', 'AUDUSD=X', 'CADAUD=X', 'CADCHF=X', 'CADEUR=X', 'CADGBP=X', 'CADJPY=X', 'CADUSD=X', 'CHFAUD=X', 'CHFCAD=X', 'CHFEUR=X', 'CHFGBP=X', 'CHFJPY=X', 'CHFUSD=X', 'EURAUD=X', 'EURCAD=X', 'EURCHF=X', 'EURGBP=X', 'EURJPY=X', 'EURUSD=X', 'GBPAUD=X', 'GBPCAD=X', 'GBPCHF=X', 'GBPEUR=X', 'GBPJPY=X', 'GBPUSD=X', 'JPYAUD=X', 'JPYCAD=X', 'JPYCHF=X', 'JPYEUR=X', 'JPYGBP=X', 'JPYUSD=X', 'USDAUD=X', 'USDCAD=X', 'USDCHF=X', 'USDEUR=X', 'USDGBP=X', 'USDJPY=X']",tensor(-209.9876),0.9877419685789645
51,"['AUDCAD=X', 'AUDCHF=X', 'AUDEUR=X', 'AUDGBP=X', 'AUDJPY=X', 'AUDUSD=X', 'CADAUD=X', 'CADCHF=X', 'CADEUR=X', 'CADGBP=X', 'CADJPY=X', 'CADUSD=X', 'CHFAUD=X', 'CHFCAD=X', 'CHFEUR=X', 'CHFGBP=X', 'CHFJPY=X', 'CHFUSD=X', 'EURAUD=X', 'EURCAD=X', 'EURCHF=X', 'EURGBP=X', 'EURJPY=X', 'EURUSD=X', 'GBPAUD=X', 'GBPCAD=X', 'GBPCHF=X', 'GBPEUR=X', 'GBPJPY=X', 'GBPUSD=X', 'JPYAUD=X', 'JPYCAD=X', 'JPYCHF=X', 'JPYEUR=X', 'JPYGBP=X', 'JPYUSD=X', 'USDAUD=X', 'USDCAD=X', 'USDCHF=X', 'USDEUR=X', 'USDGBP=X', 'USDJPY=X']",tensor(-209.9876),0.9877419685789645
52,"['AUDCAD=X', 'AUDCHF=X', 'AUDEUR=X', 'AUDGBP=X', 'AUDJPY=X', 'AUDUSD=X', 'CADAUD=X', 'CADCHF=X', 'CADEUR=X', 'CADGBP=X', 'CADJPY=X', 'CADUSD=X', 'CHFAUD=X', 'CHFCAD=X', 'CHFEUR=X', 'CHFGBP=X', 'CHFJPY=X', 'CHFUSD=X', 'EURAUD=X', 'EURCAD=X', 'EURCHF=X', 'EURGBP=X', 'EURJPY=X', 'EURUSD=X', 'GBPAUD=X', 'GBPCAD=X', 'GBPCHF=X', 'GBPEUR=X', 'GBPJPY=X', 'GBPUSD=X', 'JPYAUD=X', 'JPYCAD=X', 'JPYCHF=X', 'JPYEUR=X', 'JPYGBP=X', 'JPYUSD=X', 'USDAUD=X', 'USDCAD=X', 'USDCHF=X', 'USDEUR=X', 'USDGBP=X', 'USDJPY=X']",tensor(-209.9876),0.9877419685789645
53,"['AUDCAD=X', 'AUDCHF=X', 'AUDEUR=X', 'AUDGBP=X', 'AUDJPY=X', 'AUDUSD=X', 'CADAUD=X', 'CADCHF=X', 'CADEUR=X', 'CADGBP=X', 'CADJPY=X', 'CADUSD=X', 'CHFAUD=X', 'CHFCAD=X', 'CHFEUR=X', 'CHFGBP=X', 'CHFJPY=X', 'CHFUSD=X', 'EURAUD=X', 'EURCAD=X', 'EURCHF=X', 'EURGBP=X', 'EURJPY=X', 'EURUSD=X', 'GBPAUD=X', 'GBPCAD=X', 'GBPCHF=X', 'GBPEUR=X', 'GBPJPY=X', 'GBPUSD=X', 'JPYAUD=X', 'JPYCAD=X', 'JPYCHF=X', 'JPYEUR=X', 'JPYGBP=X', 'JPYUSD=X', 'USDAUD=X', 'USDCAD=X', 'USDCHF=X', 'USDEUR=X', 'USDGBP=X', 'USDJPY=X']",tensor(-209.9876),0.9877419685789645
54,"['AUDCAD=X', 'AUDCHF=X', 'AUDEUR=X', 'AUDGBP=X', 'AUDJPY=X', 'AUDUSD=X', 'CADAUD=X', 'CADCHF=X', 'CADEUR=X', 'CADGBP=X', 'CADJPY=X', 'CADUSD=X', 'CHFAUD=X', 'CHFCAD=X', 'CHFEUR=X', 'CHFGBP=X', 'CHFJPY=X', 'CHFUSD=X', 'EURAUD=X', 'EURCAD=X', 'EURCHF=X', 'EURGBP=X', 'EURJPY=X', 'EURUSD=X', 'GBPAUD=X', 'GBPCAD=X', 'GBPCHF=X', 'GBPEUR=X', 'GBPJPY=X', 'GBPUSD=X', 'JPYAUD=X', 'JPYCAD=X', 'JPYCHF=X', 'JPYEUR=X', 'JPYGBP=X', 'JPYUSD=X', 'USDAUD=X', 'USDCAD=X', 'USDCHF=X', 'USDEUR=X', 'USDGBP=X', 'USDJPY=X']",tensor(-209.9876),0.9877419685789645
55,"['AUDCAD=X', 'AUDCHF=X', 'AUDEUR=X', 'AUDGBP=X', 'AUDJPY=X', 'AUDUSD=X', 'CADAUD=X', 'CADCHF=X', 'CADEUR=X', 'CADGBP=X', 'CADJPY=X', 'CADUSD=X', 'CHFAUD=X', 'CHFCAD=X', 'CHFEUR=X', 'CHFGBP=X', 'CHFJPY=X', 'CHFUSD=X', 'EURAUD=X', 'EURCAD=X', 'EURCHF=X', 'EURGBP=X', 'EURJPY=X', 'EURUSD=X', 'GBPAUD=X', 'GBPCAD=X', 'GBPCHF=X', 'GBPEUR=X', 'GBPJPY=X', 'GBPUSD=X', 'JPYAUD=X', 'JPYCAD=X', 'JPYCHF=X', 'JPYEUR=X', 'JPYGBP=X', 'JPYUSD=X', 'USDAUD=X', 'USDCAD=X', 'USDCHF=X', 'USDEUR=X', 'USDGBP=X', 'USDJPY=X']",tensor(-209.9876),0.9877419685789645
56,"['AUDCAD=X', 'AUDCHF=X', 'AUDEUR=X', 'AUDGBP=X', 'AUDJPY=X', 'AUDUSD=X', 'CADAUD=X', 'CADCHF=X', 'CADEUR=X', 'CADGBP=X', 'CADJPY=X', 'CADUSD=X', 'CHFAUD=X', 'CHFCAD=X', 'CHFEUR=X', 'CHFGBP=X', 'CHFJPY=X', 'CHFUSD=X', 'EURAUD=X', 'EURCAD=X', 'EURCHF=X', 'EURGBP=X', 'EURJPY=X', 'EURUSD=X', 'GBPAUD=X', 'GBPCAD=X', 'GBPCHF=X', 'GBPEUR=X', 'GBPJPY=X', 'GBPUSD=X', 'JPYAUD=X', 'JPYCAD=X', 'JPYCHF=X', 'JPYEUR=X', 'JPYGBP=X', 'JPYUSD=X', 'USDAUD=X', 'USDCAD=X', 'USDCHF=X', 'USDEUR=X', 'USDGBP=X', 'USDJPY=X']",tensor(-209.9876),0.9877419685789645
57,"['AUDCAD=X', 'AUDCHF=X', 'AUDEUR=X', 'AUDGBP=X', 'AUDJPY=X', 'AUDUSD=X', 'CADAUD=X', 'CADCHF=X', 'CADEUR=X', 'CADGBP=X', 'CADJPY=X', 'CADUSD=X', 'CHFAUD=X', 'CHFCAD=X', 'CHFEUR=X', 'CHFGBP=X', 'CHFJPY=X', 'CHFUSD=X', 'EURAUD=X', 'EURCAD=X', 'EURCHF=X', 'EURGBP=X', 'EURJPY=X', 'EURUSD=X', 'GBPAUD=X', 'GBPCAD=X', 'GBPCHF=X', 'GBPEUR=X', 'GBPJPY=X', 'GBPUSD=X', 'JPYAUD=X', 'JPYCAD=X', 'JPYCHF=X', 'JPYEUR=X', 'JPYGBP=X', 'JPYUSD=X', 'USDAUD=X', 'USDCAD=X', 'USDCHF=X', 'USDEUR=X', 'USDGBP=X', 'USDJPY=X']",tensor(-209.9876),0.9877419685789645
58,"['AUDCAD=X', 'AUDCHF=X', 'AUDEUR=X', 'AUDGBP=X', 'AUDJPY=X', 'AUDUSD=X', 'CADAUD=X', 'CADCHF=X', 'CADEUR=X', 'CADGBP=X', 'CADJPY=X', 'CADUSD=X', 'CHFAUD=X', 'CHFCAD=X', 'CHFEUR=X', 'CHFGBP=X', 'CHFJPY=X', 'CHFUSD=X', 'EURAUD=X', 'EURCAD=X', 'EURCHF=X', 'EURGBP=X', 'EURJPY=X', 'EURUSD=X', 'GBPAUD=X', 'GBPCAD=X', 'GBPCHF=X', 'GBPEUR=X', 'GBPJPY=X', 'GBPUSD=X', 'JPYAUD=X', 'JPYCAD=X', 'JPYCHF=X', 'JPYEUR=X', 'JPYGBP=X', 'JPYUSD=X', 'USDAUD=X', 'USDCAD=X', 'USDCHF=X', 'USDEUR=X', 'USDGBP=X', 'USDJPY=X']",tensor(-209.9876),0.9877419685789645
59,"['AUDCAD=X', 'AUDCHF=X', 'AUDEUR=X', 'AUDGBP=X', 'AUDJPY=X', 'AUDUSD=X', 'CADAUD=X', 'CADCHF=X', 'CADEUR=X', 'CADGBP=X', 'CADJPY=X', 'CADUSD=X', 'CHFAUD=X', 'CHFCAD=X', 'CHFEUR=X', 'CHFGBP=X', 'CHFJPY=X', 'CHFUSD=X', 'EURAUD=X', 'EURCAD=X', 'EURCHF=X', 'EURGBP=X', 'EURJPY=X', 'EURUSD=X', 'GBPAUD=X', 'GBPCAD=X', 'GBPCHF=X', 'GBPEUR=X', 'GBPJPY=X', 'GBPUSD=X', 'JPYAUD=X', 'JPYCAD=X', 'JPYCHF=X', 'JPYEUR=X', 'JPYGBP=X', 'JPYUSD=X', 'USDAUD=X', 'USDCAD=X', 'USDCHF=X', 'USDEUR=X', 'USDGBP=X', 'USDJPY=X']",tensor(-209.9876),0.9877419685789645
60,"['AUDCAD=X', 'AUDCHF=X', 'AUDEUR=X', 'AUDGBP=X', 'AUDJPY=X', 'AUDUSD=X', 'CADAUD=X', 'CADCHF=X', 'CADEUR=X', 'CADGBP=X', 'CADJPY=X', 'CADUSD=X', 'CHFAUD=X', 'CHFCAD=X', 'CHFEUR=X', 'CHFGBP=X', 'CHFJPY=X', 'CHFUSD=X', 'EURAUD=X', 'EURCAD=X', 'EURCHF=X', 'EURGBP=X', 'EURJPY=X', 'EURUSD=X', 'GBPAUD=X', 'GBPCAD=X', 'GBPCHF=X', 'GBPEUR=X', 'GBPJPY=X', 'GBPUSD=X', 'JPYAUD=X', 'JPYCAD=X', 'JPYCHF=X', 'JPYEUR=X', 'JPYGBP=X', 'JPYUSD=X', 'USDAUD=X', 'USDCAD=X', 'USDCHF=X', 'USDEUR=X', 'USDGBP=X', 'USDJPY=X']",tensor(-209.9876),0.9877419685789645
61,"['AUDCAD=X', 'AUDCHF=X', 'AUDEUR=X', 'AUDGBP=X', 'AUDJPY=X', 'AUDUSD=X', 'CADAUD=X', 'CADCHF=X', 'CADEUR=X', 'CADGBP=X', 'CADJPY=X', 'CADUSD=X', 'CHFAUD=X', 'CHFCAD=X', 'CHFEUR=X', 'CHFGBP=X', 'CHFJPY=X', 'CHFUSD=X', 'EURAUD=X', 'EURCAD=X', 'EURCHF=X', 'EURGBP=X', 'EURJPY=X', 'EURUSD=X', 'GBPAUD=X', 'GBPCAD=X', 'GBPCHF=X', 'GBPEUR=X', 'GBPJPY=X', 'GBPUSD=X', 'JPYAUD=X', 'JPYCAD=X', 'JPYCHF=X', 'JPYEUR=X', 'JPYGBP=X', 'JPYUSD=X', 'USDAUD=X', 'USDCAD=X', 'USDCHF=X', 'USDEUR=X', 'USDGBP=X', 'USDJPY=X']",tensor(-209.9876),0.9877419685789645
62,"['AUDCAD=X', 'AUDCHF=X', 'AUDEUR=X', 'AUDGBP=X', 'AUDJPY=X', 'AUDUSD=X', 'CADAUD=X', 'CADCHF=X', 'CADEUR=X', 'CADGBP=X', 'CADJPY=X', 'CADUSD=X', 'CHFAUD=X', 'CHFCAD=X', 'CHFEUR=X', 'CHFGBP=X', 'CHFJPY=X', 'CHFUSD=X', 'EURAUD=X', 'EURCAD=X', 'EURCHF=X', 'EURGBP=X', 'EURJPY=X', 'EURUSD=X', 'GBPAUD=X', 'GBPCAD=X', 'GBPCHF=X', 'GBPEUR=X', 'GBPJPY=X', 'GBPUSD=X', 'JPYAUD=X', 'JPYCAD=X', 'JPYCHF=X', 'JPYEUR=X', 'JPYGBP=X', 'JPYUSD=X', 'USDAUD=X', 'USDCAD=X', 'USDCHF=X', 'USDEUR=X', 'USDGBP=X', 'USDJPY=X']",tensor(-209.9876),0.9877419685789645
63,"['AUDCAD=X', 'AUDCHF=X', 'AUDEUR=X', 'AUDGBP=X', 'AUDJPY=X', 'AUDUSD=X', 'CADAUD=X', 'CADCHF=X', 'CADEUR=X', 'CADGBP=X', 'CADJPY=X', 'CADUSD=X', 'CHFAUD=X', 'CHFCAD=X', 'CHFEUR=X', 'CHFGBP=X', 'CHFJPY=X', 'CHFUSD=X', 'EURAUD=X', 'EURCAD=X', 'EURCHF=X', 'EURGBP=X', 'EURJPY=X', 'EURUSD=X', 'GBPAUD=X', 'GBPCAD=X', 'GBPCHF=X', 'GBPEUR=X', 'GBPJPY=X', 'GBPUSD=X', 'JPYAUD=X', 'JPYCAD=X', 'JPYCHF=X', 'JPYEUR=X', 'JPYGBP=X', 'JPYUSD=X', 'USDAUD=X', 'USDCAD=X', 'USDCHF=X', 'USDEUR=X', 'USDGBP=X', 'USDJPY=X']",tensor(-209.9876),0.9877419685789645
64,"['AUDCAD=X', 'AUDCHF=X', 'AUDEUR=X', 'AUDGBP=X', 'AUDJPY=X', 'AUDUSD=X', 'CADAUD=X', 'CADCHF=X', 'CADEUR=X', 'CADGBP=X', 'CADJPY=X', 'CADUSD=X', 'CHFAUD=X', 'CHFCAD=X', 'CHFEUR=X', 'CHFGBP=X', 'CHFJPY=X', 'CHFUSD=X', 'EURAUD=X', 'EURCAD=X', 'EURCHF=X', 'EURGBP=X', 'EURJPY=X', 'EURUSD=X', 'GBPAUD=X', 'GBPCAD=X', 'GBPCHF=X', 'GBPEUR=X', 'GBPJPY=X', 'GBPUSD=X', 'JPYAUD=X', 'JPYCAD=X', 'JPYCHF=X', 'JPYEUR=X', 'JPYGBP=X', 'JPYUSD=X', 'USDAUD=X', 'USDCAD=X', 'USDCHF=X', 'USDEUR=X', 'USDGBP=X', 'USDJPY=X']",tensor(-209.9876),0.9877419685789645
65,"['AUDCAD=X', 'AUDCHF=X', 'AUDEUR=X', 'AUDGBP=X', 'AUDJPY=X', 'AUDUSD=X', 'CADAUD=X', 'CADCHF=X', 'CADEUR=X', 'CADGBP=X', 'CADJPY=X', 'CADUSD=X', 'CHFAUD=X', 'CHFCAD=X', 'CHFEUR=X', 'CHFGBP=X', 'CHFJPY=X', 'CHFUSD=X', 'EURAUD=X', 'EURCAD=X', 'EURCHF=X', 'EURGBP=X', 'EURJPY=X', 'EURUSD=X', 'GBPAUD=X', 'GBPCAD=X', 'GBPCHF=X', 'GBPEUR=X', 'GBPJPY=X', 'GBPUSD=X', 'JPYAUD=X', 'JPYCAD=X', 'JPYCHF=X', 'JPYEUR=X', 'JPYGBP=X', 'JPYUSD=X', 'USDAUD=X', 'USDCAD=X', 'USDCHF=X', 'USDEUR=X', 'USDGBP=X', 'USDJPY=X']",tensor(-209.9876),0.9877419685789645
66,"['AUDCAD=X', 'AUDCHF=X', 'AUDEUR=X', 'AUDGBP=X', 'AUDJPY=X', 'AUDUSD=X', 'CADAUD=X', 'CADCHF=X', 'CADEUR=X', 'CADGBP=X', 'CADJPY=X', 'CADUSD=X', 'CHFAUD=X', 'CHFCAD=X', 'CHFEUR=X', 'CHFGBP=X', 'CHFJPY=X', 'CHFUSD=X', 'EURAUD=X', 'EURCAD=X', 'EURCHF=X', 'EURGBP=X', 'EURJPY=X', 'EURUSD=X', 'GBPAUD=X', 'GBPCAD=X', 'GBPCHF=X', 'GBPEUR=X', 'GBPJPY=X', 'GBPUSD=X', 'JPYAUD=X', 'JPYCAD=X', 'JPYCHF=X', 'JPYEUR=X', 'JPYGBP=X', 'JPYUSD=X', 'USDAUD=X', 'USDCAD=X', 'USDCHF=X', 'USDEUR=X', 'USDGBP=X', 'USDJPY=X']",tensor(-209.9876),0.9877419685789645
67,"['AUDCAD=X', 'AUDCHF=X', 'AUDEUR=X', 'AUDGBP=X', 'AUDJPY=X', 'AUDUSD=X', 'CADAUD=X', 'CADCHF=X', 'CADEUR=X', 'CADGBP=X', 'CADJPY=X', 'CADUSD=X', 'CHFAUD=X', 'CHFCAD=X', 'CHFEUR=X', 'CHFGBP=X', 'CHFJPY=X', 'CHFUSD=X', 'EURAUD=X', 'EURCAD=X', 'EURCHF=X', 'EURGBP=X', 'EURJPY=X', 'EURUSD=X', 'GBPAUD=X', 'GBPCAD=X', 'GBPCHF=X', 'GBPEUR=X', 'GBPJPY=X', 'GBPUSD=X', 'JPYAUD=X', 'JPYCAD=X', 'JPYCHF=X', 'JPYEUR=X', 'JPYGBP=X', 'JPYUSD=X', 'USDAUD=X', 'USDCAD=X', 'USDCHF=X', 'USDEUR=X', 'USDGBP=X', 'USDJPY=X']",tensor(-209.9876),0.9877419685789645
68,"['AUDCAD=X', 'AUDCHF=X', 'AUDEUR=X', 'AUDGBP=X', 'AUDJPY=X', 'AUDUSD=X', 'CADAUD=X', 'CADCHF=X', 'CADEUR=X', 'CADGBP=X', 'CADJPY=X', 'CADUSD=X', 'CHFAUD=X', 'CHFCAD=X', 'CHFEUR=X', 'CHFGBP=X', 'CHFJPY=X', 'CHFUSD=X', 'EURAUD=X', 'EURCAD=X', 'EURCHF=X', 'EURGBP=X', 'EURJPY=X', 'EURUSD=X', 'GBPAUD=X', 'GBPCAD=X', 'GBPCHF=X', 'GBPEUR=X', 'GBPJPY=X', 'GBPUSD=X', 'JPYAUD=X', 'JPYCAD=X', 'JPYCHF=X', 'JPYEUR=X', 'JPYGBP=X', 'JPYUSD=X', 'USDAUD=X', 'USDCAD=X', 'USDCHF=X', 'USDEUR=X', 'USDGBP=X', 'USDJPY=X']",tensor(-209.9876),0.9877419685789645
69,"['AUDCAD=X', 'AUDCHF=X', 'AUDEUR=X', 'AUDGBP=X', 'AUDJPY=X', 'AUDUSD=X', 'CADAUD=X', 'CADCHF=X', 'CADEUR=X', 'CADGBP=X', 'CADJPY=X', 'CADUSD=X', 'CHFAUD=X', 'CHFCAD=X', 'CHFEUR=X', 'CHFGBP=X', 'CHFJPY=X', 'CHFUSD=X', 'EURAUD=X', 'EURCAD=X', 'EURCHF=X', 'EURGBP=X', 'EURJPY=X', 'EURUSD=X', 'GBPAUD=X', 'GBPCAD=X', 'GBPCHF=X', 'GBPEUR=X', 'GBPJPY=X', 'GBPUSD=X', 'JPYAUD=X', 'JPYCAD=X', 'JPYCHF=X', 'JPYEUR=X', 'JPYGBP=X', 'JPYUSD=X', 'USDAUD=X', 'USDCAD=X', 'USDCHF=X', 'USDEUR=X', 'USDGBP=X', 'USDJPY=X']",tensor(-209.9876),0.9877419685789645
70,"['AUDCAD=X', 'AUDCHF=X', 'AUDEUR=X', 'AUDGBP=X', 'AUDJPY=X', 'AUDUSD=X', 'CADAUD=X', 'CADCHF=X', 'CADEUR=X', 'CADGBP=X', 'CADJPY=X', 'CADUSD=X', 'CHFAUD=X', 'CHFCAD=X', 'CHFEUR=X', 'CHFGBP=X', 'CHFJPY=X', 'CHFUSD=X', 'EURAUD=X', 'EURCAD=X', 'EURCHF=X', 'EURGBP=X', 'EURJPY=X', 'EURUSD=X', 'GBPAUD=X', 'GBPCAD=X', 'GBPCHF=X', 'GBPEUR=X', 'GBPJPY=X', 'GBPUSD=X', 'JPYAUD=X', 'JPYCAD=X', 'JPYCHF=X', 'JPYEUR=X', 'JPYGBP=X', 'JPYUSD=X', 'USDAUD=X', 'USDCAD=X', 'USDCHF=X', 'USDEUR=X', 'USDGBP=X', 'USDJPY=X']",tensor(-209.9876),0.9877419685789645
71,"['AUDCAD=X', 'AUDCHF=X', 'AUDEUR=X', 'AUDGBP=X', 'AUDJPY=X', 'AUDUSD=X', 'CADAUD=X', 'CADCHF=X', 'CADEUR=X', 'CADGBP=X', 'CADJPY=X', 'CADUSD=X', 'CHFAUD=X', 'CHFCAD=X', 'CHFEUR=X', 'CHFGBP=X', 'CHFJPY=X', 'CHFUSD=X', 'EURAUD=X', 'EURCAD=X', 'EURCHF=X', 'EURGBP=X', 'EURJPY=X', 'EURUSD=X', 'GBPAUD=X', 'GBPCAD=X', 'GBPCHF=X', 'GBPEUR=X', 'GBPJPY=X', 'GBPUSD=X', 'JPYAUD=X', 'JPYCAD=X', 'JPYCHF=X', 'JPYEUR=X', 'JPYGBP=X', 'JPYUSD=X', 'USDAUD=X', 'USDCAD=X', 'USDCHF=X', 'USDEUR=X', 'USDGBP=X', 'USDJPY=X']",tensor(-209.9876),0.9877419685789645
72,"['AUDCAD=X', 'AUDCHF=X', 'AUDEUR=X', 'AUDGBP=X', 'AUDJPY=X', 'AUDUSD=X', 'CADAUD=X', 'CADCHF=X', 'CADEUR=X', 'CADGBP=X', 'CADJPY=X', 'CADUSD=X', 'CHFAUD=X', 'CHFCAD=X', 'CHFEUR=X', 'CHFGBP=X', 'CHFJPY=X', 'CHFUSD=X', 'EURAUD=X', 'EURCAD=X', 'EURCHF=X', 'EURGBP=X', 'EURJPY=X', 'EURUSD=X', 'GBPAUD=X', 'GBPCAD=X', 'GBPCHF=X', 'GBPEUR=X', 'GBPJPY=X', 'GBPUSD=X', 'JPYAUD=X', 'JPYCAD=X', 'JPYCHF=X', 'JPYEUR=X', 'JPYGBP=X', 'JPYUSD=X', 'USDAUD=X', 'USDCAD=X', 'USDCHF=X', 'USDEUR=X', 'USDGBP=X', 'USDJPY=X']",tensor(-209.9876),0.9877419685789645
73,"['AUDCAD=X', 'AUDCHF=X', 'AUDEUR=X', 'AUDGBP=X', 'AUDJPY=X', 'AUDUSD=X', 'CADAUD=X', 'CADCHF=X', 'CADEUR=X', 'CADGBP=X', 'CADJPY=X', 'CADUSD=X', 'CHFAUD=X', 'CHFCAD=X', 'CHFEUR=X', 'CHFGBP=X', 'CHFJPY=X', 'CHFUSD=X', 'EURAUD=X', 'EURCAD=X', 'EURCHF=X', 'EURGBP=X', 'EURJPY=X', 'EURUSD=X', 'GBPAUD=X', 'GBPCAD=X', 'GBPCHF=X', 'GBPEUR=X', 'GBPJPY=X', 'GBPUSD=X', 'JPYAUD=X', 'JPYCAD=X', 'JPYCHF=X', 'JPYEUR=X', 'JPYGBP=X', 'JPYUSD=X', 'USDAUD=X', 'USDCAD=X', 'USDCHF=X', 'USDEUR=X', 'USDGBP=X', 'USDJPY=X']",tensor(-209.9876),0.9877419685789645
74,"['AUDCAD=X', 'AUDCHF=X', 'AUDEUR=X', 'AUDGBP=X', 'AUDJPY=X', 'AUDUSD=X', 'CADAUD=X', 'CADCHF=X', 'CADEUR=X', 'CADGBP=X', 'CADJPY=X', 'CADUSD=X', 'CHFAUD=X', 'CHFCAD=X', 'CHFEUR=X', 'CHFGBP=X', 'CHFJPY=X', 'CHFUSD=X', 'EURAUD=X', 'EURCAD=X', 'EURCHF=X', 'EURGBP=X', 'EURJPY=X', 'EURUSD=X', 'GBPAUD=X', 'GBPCAD=X', 'GBPCHF=X', 'GBPEUR=X', 'GBPJPY=X', 'GBPUSD=X', 'JPYAUD=X', 'JPYCAD=X', 'JPYCHF=X', 'JPYEUR=X', 'JPYGBP=X', 'JPYUSD=X', 'USDAUD=X', 'USDCAD=X', 'USDCHF=X', 'USDEUR=X', 'USDGBP=X', 'USDJPY=X']",tensor(-209.9876),0.9877419685789645
75,"['AUDCAD=X', 'AUDCHF=X', 'AUDEUR=X', 'AUDGBP=X', 'AUDJPY=X', 'AUDUSD=X', 'CADAUD=X', 'CADCHF=X', 'CADEUR=X', 'CADGBP=X', 'CADJPY=X', 'CADUSD=X', 'CHFAUD=X', 'CHFCAD=X', 'CHFEUR=X', 'CHFGBP=X', 'CHFJPY=X', 'CHFUSD=X', 'EURAUD=X', 'EURCAD=X', 'EURCHF=X', 'EURGBP=X', 'EURJPY=X', 'EURUSD=X', 'GBPAUD=X', 'GBPCAD=X', 'GBPCHF=X', 'GBPEUR=X', 'GBPJPY=X', 'GBPUSD=X', 'JPYAUD=X', 'JPYCAD=X', 'JPYCHF=X', 'JPYEUR=X', 'JPYGBP=X', 'JPYUSD=X', 'USDAUD=X', 'USDCAD=X', 'USDCHF=X', 'USDEUR=X', 'USDGBP=X', 'USDJPY=X']",tensor(-209.9876),0.9877419685789645
76,"['AUDCAD=X', 'AUDCHF=X', 'AUDEUR=X', 'AUDGBP=X', 'AUDJPY=X', 'AUDUSD=X', 'CADAUD=X', 'CADCHF=X', 'CADEUR=X', 'CADGBP=X', 'CADJPY=X', 'CADUSD=X', 'CHFAUD=X', 'CHFCAD=X', 'CHFEUR=X', 'CHFGBP=X', 'CHFJPY=X', 'CHFUSD=X', 'EURAUD=X', 'EURCAD=X', 'EURCHF=X', 'EURGBP=X', 'EURJPY=X', 'EURUSD=X', 'GBPAUD=X', 'GBPCAD=X', 'GBPCHF=X', 'GBPEUR=X', 'GBPJPY=X', 'GBPUSD=X', 'JPYAUD=X', 'JPYCAD=X', 'JPYCHF=X', 'JPYEUR=X', 'JPYGBP=X', 'JPYUSD=X', 'USDAUD=X', 'USDCAD=X', 'USDCHF=X', 'USDEUR=X', 'USDGBP=X', 'USDJPY=X']",tensor(-209.9876),0.9877419685789645
77,"['AUDCAD=X', 'AUDCHF=X', 'AUDEUR=X', 'AUDGBP=X', 'AUDJPY=X', 'AUDUSD=X', 'CADAUD=X', 'CADCHF=X', 'CADEUR=X', 'CADGBP=X', 'CADJPY=X', 'CADUSD=X', 'CHFAUD=X', 'CHFCAD=X', 'CHFEUR=X', 'CHFGBP=X', 'CHFJPY=X', 'CHFUSD=X', 'EURAUD=X', 'EURCAD=X', 'EURCHF=X', 'EURGBP=X', 'EURJPY=X', 'EURUSD=X', 'GBPAUD=X', 'GBPCAD=X', 'GBPCHF=X', 'GBPEUR=X', 'GBPJPY=X', 'GBPUSD=X', 'JPYAUD=X', 'JPYCAD=X', 'JPYCHF=X', 'JPYEUR=X', 'JPYGBP=X', 'JPYUSD=X', 'USDAUD=X', 'USDCAD=X', 'USDCHF=X', 'USDEUR=X', 'USDGBP=X', 'USDJPY=X']",tensor(-209.9876),0.9877419685789645
78,"['AUDCAD=X', 'AUDCHF=X', 'AUDEUR=X', 'AUDGBP=X', 'AUDJPY=X', 'AUDUSD=X', 'CADAUD=X', 'CADCHF=X', 'CADEUR=X', 'CADGBP=X', 'CADJPY=X', 'CADUSD=X', 'CHFAUD=X', 'CHFCAD=X', 'CHFEUR=X', 'CHFGBP=X', 'CHFJPY=X', 'CHFUSD=X', 'EURAUD=X', 'EURCAD=X', 'EURCHF=X', 'EURGBP=X', 'EURJPY=X', 'EURUSD=X', 'GBPAUD=X', 'GBPCAD=X', 'GBPCHF=X', 'GBPEUR=X', 'GBPJPY=X', 'GBPUSD=X', 'JPYAUD=X', 'JPYCAD=X', 'JPYCHF=X', 'JPYEUR=X', 'JPYGBP=X', 'JPYUSD=X', 'USDAUD=X', 'USDCAD=X', 'USDCHF=X', 'USDEUR=X', 'USDGBP=X', 'USDJPY=X']",tensor(-209.9876),0.9877419685789645
79,"['AUDCAD=X', 'AUDCHF=X', 'AUDEUR=X', 'AUDGBP=X', 'AUDJPY=X', 'AUDUSD=X', 'CADAUD=X', 'CADCHF=X', 'CADEUR=X', 'CADGBP=X', 'CADJPY=X', 'CADUSD=X', 'CHFAUD=X', 'CHFCAD=X', 'CHFEUR=X', 'CHFGBP=X', 'CHFJPY=X', 'CHFUSD=X', 'EURAUD=X', 'EURCAD=X', 'EURCHF=X', 'EURGBP=X', 'EURJPY=X', 'EURUSD=X', 'GBPAUD=X', 'GBPCAD=X', 'GBPCHF=X', 'GBPEUR=X', 'GBPJPY=X', 'GBPUSD=X', 'JPYAUD=X', 'JPYCAD=X', 'JPYCHF=X', 'JPYEUR=X', 'JPYGBP=X', 'JPYUSD=X', 'USDAUD=X', 'USDCAD=X', 'USDCHF=X', 'USDEUR=X', 'USDGBP=X', 'USDJPY=X']",tensor(-209.9876),0.9877419685789645
80,"['AUDCAD=X', 'AUDCHF=X', 'AUDEUR=X', 'AUDGBP=X', 'AUDJPY=X', 'AUDUSD=X', 'CADAUD=X', 'CADCHF=X', 'CADEUR=X', 'CADGBP=X', 'CADJPY=X', 'CADUSD=X', 'CHFAUD=X', 'CHFCAD=X', 'CHFEUR=X', 'CHFGBP=X', 'CHFJPY=X', 'CHFUSD=X', 'EURAUD=X', 'EURCAD=X', 'EURCHF=X', 'EURGBP=X', 'EURJPY=X', 'EURUSD=X', 'GBPAUD=X', 'GBPCAD=X', 'GBPCHF=X', 'GBPEUR=X', 'GBPJPY=X', 'GBPUSD=X', 'JPYAUD=X', 'JPYCAD=X', 'JPYCHF=X', 'JPYEUR=X', 'JPYGBP=X', 'JPYUSD=X', 'USDAUD=X', 'USDCAD=X', 'USDCHF=X', 'USDEUR=X', 'USDGBP=X', 'USDJPY=X']",tensor(-209.9876),0.9877419685789645
81,"['AUDCAD=X', 'AUDCHF=X', 'AUDEUR=X', 'AUDGBP=X', 'AUDJPY=X', 'AUDUSD=X', 'CADAUD=X', 'CADCHF=X', 'CADEUR=X', 'CADGBP=X', 'CADJPY=X', 'CADUSD=X', 'CHFAUD=X', 'CHFCAD=X', 'CHFEUR=X', 'CHFGBP=X', 'CHFJPY=X', 'CHFUSD=X', 'EURAUD=X', 'EURCAD=X', 'EURCHF=X', 'EURGBP=X', 'EURJPY=X', 'EURUSD=X', 'GBPAUD=X', 'GBPCAD=X', 'GBPCHF=X', 'GBPEUR=X', 'GBPJPY=X', 'GBPUSD=X', 'JPYAUD=X', 'JPYCAD=X', 'JPYCHF=X', 'JPYEUR=X', 'JPYGBP=X', 'JPYUSD=X', 'USDAUD=X', 'USDCAD=X', 'USDCHF=X', 'USDEUR=X', 'USDGBP=X', 'USDJPY=X']",tensor(-209.9876),0.9877419685789645
82,"['AUDCAD=X', 'AUDCHF=X', 'AUDEUR=X', 'AUDGBP=X', 'AUDJPY=X', 'AUDUSD=X', 'CADAUD=X', 'CADCHF=X', 'CADEUR=X', 'CADGBP=X', 'CADJPY=X', 'CADUSD=X', 'CHFAUD=X', 'CHFCAD=X', 'CHFEUR=X', 'CHFGBP=X', 'CHFJPY=X', 'CHFUSD=X', 'EURAUD=X', 'EURCAD=X', 'EURCHF=X', 'EURGBP=X', 'EURJPY=X', 'EURUSD=X', 'GBPAUD=X', 'GBPCAD=X', 'GBPCHF=X', 'GBPEUR=X', 'GBPJPY=X', 'GBPUSD=X', 'JPYAUD=X', 'JPYCAD=X', 'JPYCHF=X', 'JPYEUR=X', 'JPYGBP=X', 'JPYUSD=X', 'USDAUD=X', 'USDCAD=X', 'USDCHF=X', 'USDEUR=X', 'USDGBP=X', 'USDJPY=X']",tensor(-209.9876),0.9877419685789645
83,"['AUDCAD=X', 'AUDCHF=X', 'AUDEUR=X', 'AUDGBP=X', 'AUDJPY=X', 'AUDUSD=X', 'CADAUD=X', 'CADCHF=X', 'CADEUR=X', 'CADGBP=X', 'CADJPY=X', 'CADUSD=X', 'CHFAUD=X', 'CHFCAD=X', 'CHFEUR=X', 'CHFGBP=X', 'CHFJPY=X', 'CHFUSD=X', 'EURAUD=X', 'EURCAD=X', 'EURCHF=X', 'EURGBP=X', 'EURJPY=X', 'EURUSD=X', 'GBPAUD=X', 'GBPCAD=X', 'GBPCHF=X', 'GBPEUR=X', 'GBPJPY=X', 'GBPUSD=X', 'JPYAUD=X', 'JPYCAD=X', 'JPYCHF=X', 'JPYEUR=X', 'JPYGBP=X', 'JPYUSD=X', 'USDAUD=X', 'USDCAD=X', 'USDCHF=X', 'USDEUR=X', 'USDGBP=X', 'USDJPY=X']",tensor(-209.9876),0.9877419685789645
84,"['AUDCAD=X', 'AUDCHF=X', 'AUDEUR=X', 'AUDGBP=X', 'AUDJPY=X', 'AUDUSD=X', 'CADAUD=X', 'CADCHF=X', 'CADEUR=X', 'CADGBP=X', 'CADJPY=X', 'CADUSD=X', 'CHFAUD=X', 'CHFCAD=X', 'CHFEUR=X', 'CHFGBP=X', 'CHFJPY=X', 'CHFUSD=X', 'EURAUD=X', 'EURCAD=X', 'EURCHF=X', 'EURGBP=X', 'EURJPY=X', 'EURUSD=X', 'GBPAUD=X', 'GBPCAD=X', 'GBPCHF=X', 'GBPEUR=X', 'GBPJPY=X', 'GBPUSD=X', 'JPYAUD=X', 'JPYCAD=X', 'JPYCHF=X', 'JPYEUR=X', 'JPYGBP=X', 'JPYUSD=X', 'USDAUD=X', 'USDCAD=X', 'USDCHF=X', 'USDEUR=X', 'USDGBP=X', 'USDJPY=X']",tensor(-209.9876),0.9877419685789645
85,"['AUDCAD=X', 'AUDCHF=X', 'AUDEUR=X', 'AUDGBP=X', 'AUDJPY=X', 'AUDUSD=X', 'CADAUD=X', 'CADCHF=X', 'CADEUR=X', 'CADGBP=X', 'CADJPY=X', 'CADUSD=X', 'CHFAUD=X', 'CHFCAD=X', 'CHFEUR=X', 'CHFGBP=X', 'CHFJPY=X', 'CHFUSD=X', 'EURAUD=X', 'EURCAD=X', 'EURCHF=X', 'EURGBP=X', 'EURJPY=X', 'EURUSD=X', 'GBPAUD=X', 'GBPCAD=X', 'GBPCHF=X', 'GBPEUR=X', 'GBPJPY=X', 'GBPUSD=X', 'JPYAUD=X', 'JPYCAD=X', 'JPYCHF=X', 'JPYEUR=X', 'JPYGBP=X', 'JPYUSD=X', 'USDAUD=X', 'USDCAD=X', 'USDCHF=X', 'USDEUR=X', 'USDGBP=X', 'USDJPY=X']",tensor(-209.9876),0.9877419685789645
86,"['AUDCAD=X', 'AUDCHF=X', 'AUDEUR=X', 'AUDGBP=X', 'AUDJPY=X', 'AUDUSD=X', 'CADAUD=X', 'CADCHF=X', 'CADEUR=X', 'CADGBP=X', 'CADJPY=X', 'CADUSD=X', 'CHFAUD=X', 'CHFCAD=X', 'CHFEUR=X', 'CHFGBP=X', 'CHFJPY=X', 'CHFUSD=X', 'EURAUD=X', 'EURCAD=X', 'EURCHF=X', 'EURGBP=X', 'EURJPY=X', 'EURUSD=X', 'GBPAUD=X', 'GBPCAD=X', 'GBPCHF=X', 'GBPEUR=X', 'GBPJPY=X', 'GBPUSD=X', 'JPYAUD=X', 'JPYCAD=X', 'JPYCHF=X', 'JPYEUR=X', 'JPYGBP=X', 'JPYUSD=X', 'USDAUD=X', 'USDCAD=X', 'USDCHF=X', 'USDEUR=X', 'USDGBP=X', 'USDJPY=X']",tensor(-209.9876),0.9877419685789645
87,"['AUDCAD=X', 'AUDCHF=X', 'AUDEUR=X', 'AUDGBP=X', 'AUDJPY=X', 'AUDUSD=X', 'CADAUD=X', 'CADCHF=X', 'CADEUR=X', 'CADGBP=X', 'CADJPY=X', 'CADUSD=X', 'CHFAUD=X', 'CHFCAD=X', 'CHFEUR=X', 'CHFGBP=X', 'CHFJPY=X', 'CHFUSD=X', 'EURAUD=X', 'EURCAD=X', 'EURCHF=X', 'EURGBP=X', 'EURJPY=X', 'EURUSD=X', 'GBPAUD=X', 'GBPCAD=X', 'GBPCHF=X', 'GBPEUR=X', 'GBPJPY=X', 'GBPUSD=X', 'JPYAUD=X', 'JPYCAD=X', 'JPYCHF=X', 'JPYEUR=X', 'JPYGBP=X', 'JPYUSD=X', 'USDAUD=X', 'USDCAD=X', 'USDCHF=X', 'USDEUR=X', 'USDGBP=X', 'USDJPY=X']",tensor(-209.9876),0.9877419685789645
88,"['AUDCAD=X', 'AUDCHF=X', 'AUDEUR=X', 'AUDGBP=X', 'AUDJPY=X', 'AUDUSD=X', 'CADAUD=X', 'CADCHF=X', 'CADEUR=X', 'CADGBP=X', 'CADJPY=X', 'CADUSD=X', 'CHFAUD=X', 'CHFCAD=X', 'CHFEUR=X', 'CHFGBP=X', 'CHFJPY=X', 'CHFUSD=X', 'EURAUD=X', 'EURCAD=X', 'EURCHF=X', 'EURGBP=X', 'EURJPY=X', 'EURUSD=X', 'GBPAUD=X', 'GBPCAD=X', 'GBPCHF=X', 'GBPEUR=X', 'GBPJPY=X', 'GBPUSD=X', 'JPYAUD=X', 'JPYCAD=X', 'JPYCHF=X', 'JPYEUR=X', 'JPYGBP=X', 'JPYUSD=X', 'USDAUD=X', 'USDCAD=X', 'USDCHF=X', 'USDEUR=X', 'USDGBP=X', 'USDJPY=X']",tensor(-209.9876),0.9877419685789645
89,"['AUDCAD=X', 'AUDCHF=X', 'AUDEUR=X', 'AUDGBP=X', 'AUDJPY=X', 'AUDUSD=X', 'CADAUD=X', 'CADCHF=X', 'CADEUR=X', 'CADGBP=X', 'CADJPY=X', 'CADUSD=X', 'CHFAUD=X', 'CHFCAD=X', 'CHFEUR=X', 'CHFGBP=X', 'CHFJPY=X', 'CHFUSD=X', 'EURAUD=X', 'EURCAD=X', 'EURCHF=X', 'EURGBP=X', 'EURJPY=X', 'EURUSD=X', 'GBPAUD=X', 'GBPCAD=X', 'GBPCHF=X', 'GBPEUR=X', 'GBPJPY=X', 'GBPUSD=X', 'JPYAUD=X', 'JPYCAD=X', 'JPYCHF=X', 'JPYEUR=X', 'JPYGBP=X', 'JPYUSD=X', 'USDAUD=X', 'USDCAD=X', 'USDCHF=X', 'USDEUR=X', 'USDGBP=X', 'USDJPY=X']",tensor(-209.9876),0.9877419685789645
90,"['AUDCAD=X', 'AUDCHF=X', 'AUDEUR=X', 'AUDGBP=X', 'AUDJPY=X', 'AUDUSD=X', 'CADAUD=X', 'CADCHF=X', 'CADEUR=X', 'CADGBP=X', 'CADJPY=X', 'CADUSD=X', 'CHFAUD=X', 'CHFCAD=X', 'CHFEUR=X', 'CHFGBP=X', 'CHFJPY=X', 'CHFUSD=X', 'EURAUD=X', 'EURCAD=X', 'EURCHF=X', 'EURGBP=X', 'EURJPY=X', 'EURUSD=X', 'GBPAUD=X', 'GBPCAD=X', 'GBPCHF=X', 'GBPEUR=X', 'GBPJPY=X', 'GBPUSD=X', 'JPYAUD=X', 'JPYCAD=X', 'JPYCHF=X', 'JPYEUR=X', 'JPYGBP=X', 'JPYUSD=X', 'USDAUD=X', 'USDCAD=X', 'USDCHF=X', 'USDEUR=X', 'USDGBP=X', 'USDJPY=X']",tensor(-209.9876),0.9877419685789645
91,"['AUDCAD=X', 'AUDCHF=X', 'AUDEUR=X', 'AUDGBP=X', 'AUDJPY=X', 'AUDUSD=X', 'CADAUD=X', 'CADCHF=X', 'CADEUR=X', 'CADGBP=X', 'CADJPY=X', 'CADUSD=X', 'CHFAUD=X', 'CHFCAD=X', 'CHFEUR=X', 'CHFGBP=X', 'CHFJPY=X', 'CHFUSD=X', 'EURAUD=X', 'EURCAD=X', 'EURCHF=X', 'EURGBP=X', 'EURJPY=X', 'EURUSD=X', 'GBPAUD=X', 'GBPCAD=X', 'GBPCHF=X', 'GBPEUR=X', 'GBPJPY=X', 'GBPUSD=X', 'JPYAUD=X', 'JPYCAD=X', 'JPYCHF=X', 'JPYEUR=X', 'JPYGBP=X', 'JPYUSD=X', 'USDAUD=X', 'USDCAD=X', 'USDCHF=X', 'USDEUR=X', 'USDGBP=X', 'USDJPY=X']",tensor(-209.9876),0.9877419685789645
92,"['AUDCAD=X', 'AUDCHF=X', 'AUDEUR=X', 'AUDGBP=X', 'AUDJPY=X', 'AUDUSD=X', 'CADAUD=X', 'CADCHF=X', 'CADEUR=X', 'CADGBP=X', 'CADJPY=X', 'CADUSD=X', 'CHFAUD=X', 'CHFCAD=X', 'CHFEUR=X', 'CHFGBP=X', 'CHFJPY=X', 'CHFUSD=X', 'EURAUD=X', 'EURCAD=X', 'EURCHF=X', 'EURGBP=X', 'EURJPY=X', 'EURUSD=X', 'GBPAUD=X', 'GBPCAD=X', 'GBPCHF=X', 'GBPEUR=X', 'GBPJPY=X', 'GBPUSD=X', 'JPYAUD=X', 'JPYCAD=X', 'JPYCHF=X', 'JPYEUR=X', 'JPYGBP=X', 'JPYUSD=X', 'USDAUD=X', 'USDCAD=X', 'USDCHF=X', 'USDEUR=X', 'USDGBP=X', 'USDJPY=X']",tensor(-209.9876),0.9877419685789645
93,"['AUDCAD=X', 'AUDCHF=X', 'AUDEUR=X', 'AUDGBP=X', 'AUDJPY=X', 'AUDUSD=X', 'CADAUD=X', 'CADCHF=X', 'CADEUR=X', 'CADGBP=X', 'CADJPY=X', 'CADUSD=X', 'CHFAUD=X', 'CHFCAD=X', 'CHFEUR=X', 'CHFGBP=X', 'CHFJPY=X', 'CHFUSD=X', 'EURAUD=X', 'EURCAD=X', 'EURCHF=X', 'EURGBP=X', 'EURJPY=X', 'EURUSD=X', 'GBPAUD=X', 'GBPCAD=X', 'GBPCHF=X', 'GBPEUR=X', 'GBPJPY=X', 'GBPUSD=X', 'JPYAUD=X', 'JPYCAD=X', 'JPYCHF=X', 'JPYEUR=X', 'JPYGBP=X', 'JPYUSD=X', 'USDAUD=X', 'USDCAD=X', 'USDCHF=X', 'USDEUR=X', 'USDGBP=X', 'USDJPY=X']",tensor(-209.9876),0.9877419685789645
94,"['AUDCAD=X', 'AUDCHF=X', 'AUDEUR=X', 'AUDGBP=X', 'AUDJPY=X', 'AUDUSD=X', 'CADAUD=X', 'CADCHF=X', 'CADEUR=X', 'CADGBP=X', 'CADJPY=X', 'CADUSD=X', 'CHFAUD=X', 'CHFCAD=X', 'CHFEUR=X', 'CHFGBP=X', 'CHFJPY=X', 'CHFUSD=X', 'EURAUD=X', 'EURCAD=X', 'EURCHF=X', 'EURGBP=X', 'EURJPY=X', 'EURUSD=X', 'GBPAUD=X', 'GBPCAD=X', 'GBPCHF=X', 'GBPEUR=X', 'GBPJPY=X', 'GBPUSD=X', 'JPYAUD=X', 'JPYCAD=X', 'JPYCHF=X', 'JPYEUR=X', 'JPYGBP=X', 'JPYUSD=X', 'USDAUD=X', 'USDCAD=X', 'USDCHF=X', 'USDEUR=X', 'USDGBP=X', 'USDJPY=X']",tensor(-209.9876),0.9877419685789645
95,"['AUDCAD=X', 'AUDCHF=X', 'AUDEUR=X', 'AUDGBP=X', 'AUDJPY=X', 'AUDUSD=X', 'CADAUD=X', 'CADCHF=X', 'CADEUR=X', 'CADGBP=X', 'CADJPY=X', 'CADUSD=X', 'CHFAUD=X', 'CHFCAD=X', 'CHFEUR=X', 'CHFGBP=X', 'CHFJPY=X', 'CHFUSD=X', 'EURAUD=X', 'EURCAD=X', 'EURCHF=X', 'EURGBP=X', 'EURJPY=X', 'EURUSD=X', 'GBPAUD=X', 'GBPCAD=X', 'GBPCHF=X', 'GBPEUR=X', 'GBPJPY=X', 'GBPUSD=X', 'JPYAUD=X', 'JPYCAD=X', 'JPYCHF=X', 'JPYEUR=X', 'JPYGBP=X', 'JPYUSD=X', 'USDAUD=X', 'USDCAD=X', 'USDCHF=X', 'USDEUR=X', 'USDGBP=X', 'USDJPY=X']",tensor(-209.9876),0.9877419685789645
96,"['AUDCAD=X', 'AUDCHF=X', 'AUDEUR=X', 'AUDGBP=X', 'AUDJPY=X', 'AUDUSD=X', 'CADAUD=X', 'CADCHF=X', 'CADEUR=X', 'CADGBP=X', 'CADJPY=X', 'CADUSD=X', 'CHFAUD=X', 'CHFCAD=X', 'CHFEUR=X', 'CHFGBP=X', 'CHFJPY=X', 'CHFUSD=X', 'EURAUD=X', 'EURCAD=X', 'EURCHF=X', 'EURGBP=X', 'EURJPY=X', 'EURUSD=X', 'GBPAUD=X', 'GBPCAD=X', 'GBPCHF=X', 'GBPEUR=X', 'GBPJPY=X', 'GBPUSD=X', 'JPYAUD=X', 'JPYCAD=X', 'JPYCHF=X', 'JPYEUR=X', 'JPYGBP=X', 'JPYUSD=X', 'USDAUD=X', 'USDCAD=X', 'USDCHF=X', 'USDEUR=X', 'USDGBP=X', 'USDJPY=X']",tensor(-209.9876),0.9877419685789645
97,"['AUDCAD=X', 'AUDCHF=X', 'AUDEUR=X', 'AUDGBP=X', 'AUDJPY=X', 'AUDUSD=X', 'CADAUD=X', 'CADCHF=X', 'CADEUR=X', 'CADGBP=X', 'CADJPY=X', 'CADUSD=X', 'CHFAUD=X', 'CHFCAD=X', 'CHFEUR=X', 'CHFGBP=X', 'CHFJPY=X', 'CHFUSD=X', 'EURAUD=X', 'EURCAD=X', 'EURCHF=X', 'EURGBP=X', 'EURJPY=X', 'EURUSD=X', 'GBPAUD=X', 'GBPCAD=X', 'GBPCHF=X', 'GBPEUR=X', 'GBPJPY=X', 'GBPUSD=X', 'JPYAUD=X', 'JPYCAD=X', 'JPYCHF=X', 'JPYEUR=X', 'JPYGBP=X', 'JPYUSD=X', 'USDAUD=X', 'USDCAD=X', 'USDCHF=X', 'USDEUR=X', 'USDGBP=X', 'USDJPY=X']",tensor(-209.9876),0.9877419685789645
98,"['AUDCAD=X', 'AUDCHF=X', 'AUDEUR=X', 'AUDGBP=X', 'AUDJPY=X', 'AUDUSD=X', 'CADAUD=X', 'CADCHF=X', 'CADEUR=X', 'CADGBP=X', 'CADJPY=X', 'CADUSD=X', 'CHFAUD=X', 'CHFCAD=X', 'CHFEUR=X', 'CHFGBP=X', 'CHFJPY=X', 'CHFUSD=X', 'EURAUD=X', 'EURCAD=X', 'EURCHF=X', 'EURGBP=X', 'EURJPY=X', 'EURUSD=X', 'GBPAUD=X', 'GBPCAD=X', 'GBPCHF=X', 'GBPEUR=X', 'GBPJPY=X', 'GBPUSD=X', 'JPYAUD=X', 'JPYCAD=X', 'JPYCHF=X', 'JPYEUR=X', 'JPYGBP=X', 'JPYUSD=X', 'USDAUD=X', 'USDCAD=X', 'USDCHF=X', 'USDEUR=X', 'USDGBP=X', 'USDJPY=X']",tensor(-209.9876),0.9877419685789645
99,"['AUDCAD=X', 'AUDCHF=X', 'AUDEUR=X', 'AUDGBP=X', 'AUDJPY=X', 'AUDUSD=X', 'CADAUD=X', 'CADCHF=X', 'CADEUR=X', 'CADGBP=X', 'CADJPY=X', 'CADUSD=X', 'CHFAUD=X', 'CHFCAD=X', 'CHFEUR=X', 'CHFGBP=X', 'CHFJPY=X', 'CHFUSD=X', 'EURAUD=X', 'EURCAD=X', 'EURCHF=X', 'EURGBP=X', 'EURJPY=X', 'EURUSD=X', 'GBPAUD=X', 'GBPCAD=X', 'GBPCHF=X', 'GBPEUR=X', 'GBPJPY=X', 'GBPUSD=X', 'JPYAUD=X', 'JPYCAD=X', 'JPYCHF=X', 'JPYEUR=X', 'JPYGBP=X', 'JPYUSD=X', 'USDAUD=X', 'USDCAD=X', 'USDCHF=X', 'USDEUR=X', 'USDGBP=X', 'USDJPY=X']",tensor(-209.9876),0.9877419685789645
100,"['AUDCAD=X', 'AUDCHF=X', 'AUDEUR=X', 'AUDGBP=X', 'AUDJPY=X', 'AUDUSD=X', 'CADAUD=X', 'CADCHF=X', 'CADEUR=X', 'CADGBP=X', 'CADJPY=X', 'CADUSD=X', 'CHFAUD=X', 'CHFCAD=X', 'CHFEUR=X', 'CHFGBP=X', 'CHFJPY=X', 'CHFUSD=X', 'EURAUD=X', 'EURCAD=X', 'EURCHF=X', 'EURGBP=X', 'EURJPY=X', 'EURUSD=X', 'GBPAUD=X', 'GBPCAD=X', 'GBPCHF=X', 'GBPEUR=X', 'GBPJPY=X', 'GBPUSD=X', 'JPYAUD=X', 'JPYCAD=X', 'JPYCHF=X', 'JPYEUR=X', 'JPYGBP=X', 'JPYUSD=X', 'USDAUD=X', 'USDCAD=X', 'USDCHF=X', 'USDEUR=X', 'USDGBP=X', 'USDJPY=X']",tensor(-209.9876),0.9877419685789645
101,"['AUDCAD=X', 'AUDCHF=X', 'AUDEUR=X', 'AUDGBP=X', 'AUDJPY=X', 'AUDUSD=X', 'CADAUD=X', 'CADCHF=X', 'CADEUR=X', 'CADGBP=X', 'CADJPY=X', 'CADUSD=X', 'CHFAUD=X', 'CHFCAD=X', 'CHFEUR=X', 'CHFGBP=X', 'CHFJPY=X', 'CHFUSD=X', 'EURAUD=X', 'EURCAD=X', 'EURCHF=X', 'EURGBP=X', 'EURJPY=X', 'EURUSD=X', 'GBPAUD=X', 'GBPCAD=X', 'GBPCHF=X', 'GBPEUR=X', 'GBPJPY=X', 'GBPUSD=X', 'JPYAUD=X', 'JPYCAD=X', 'JPYCHF=X', 'JPYEUR=X', 'JPYGBP=X', 'JPYUSD=X', 'USDAUD=X', 'USDCAD=X', 'USDCHF=X', 'USDEUR=X', 'USDGBP=X', 'USDJPY=X']",tensor(-209.9876),0.9877419685789645
102,"['AUDCAD=X', 'AUDCHF=X', 'AUDEUR=X', 'AUDGBP=X', 'AUDJPY=X', 'AUDUSD=X', 'CADAUD=X', 'CADCHF=X', 'CADEUR=X', 'CADGBP=X', 'CADJPY=X', 'CADUSD=X', 'CHFAUD=X', 'CHFCAD=X', 'CHFEUR=X', 'CHFGBP=X', 'CHFJPY=X', 'CHFUSD=X', 'EURAUD=X', 'EURCAD=X', 'EURCHF=X', 'EURGBP=X', 'EURJPY=X', 'EURUSD=X', 'GBPAUD=X', 'GBPCAD=X', 'GBPCHF=X', 'GBPEUR=X', 'GBPJPY=X', 'GBPUSD=X', 'JPYAUD=X', 'JPYCAD=X', 'JPYCHF=X', 'JPYEUR=X', 'JPYGBP=X', 'JPYUSD=X', 'USDAUD=X', 'USDCAD=X', 'USDCHF=X', 'USDEUR=X', 'USDGBP=X', 'USDJPY=X']",tensor(-209.9876),0.9877419685789645
103,"['AUDCAD=X', 'AUDCHF=X', 'AUDEUR=X', 'AUDGBP=X', 'AUDJPY=X', 'AUDUSD=X', 'CADAUD=X', 'CADCHF=X', 'CADEUR=X', 'CADGBP=X', 'CADJPY=X', 'CADUSD=X', 'CHFAUD=X', 'CHFCAD=X', 'CHFEUR=X', 'CHFGBP=X', 'CHFJPY=X', 'CHFUSD=X', 'EURAUD=X', 'EURCAD=X', 'EURCHF=X', 'EURGBP=X', 'EURJPY=X', 'EURUSD=X', 'GBPAUD=X', 'GBPCAD=X', 'GBPCHF=X', 'GBPEUR=X', 'GBPJPY=X', 'GBPUSD=X', 'JPYAUD=X', 'JPYCAD=X', 'JPYCHF=X', 'JPYEUR=X', 'JPYGBP=X', 'JPYUSD=X', 'USDAUD=X', 'USDCAD=X', 'USDCHF=X', 'USDEUR=X', 'USDGBP=X', 'USDJPY=X']",tensor(-209.9876),0.9877419685789645
104,"['AUDCAD=X', 'AUDCHF=X', 'AUDEUR=X', 'AUDGBP=X', 'AUDJPY=X', 'AUDUSD=X', 'CADAUD=X', 'CADCHF=X', 'CADEUR=X', 'CADGBP=X', 'CADJPY=X', 'CADUSD=X', 'CHFAUD=X', 'CHFCAD=X', 'CHFEUR=X', 'CHFGBP=X', 'CHFJPY=X', 'CHFUSD=X', 'EURAUD=X', 'EURCAD=X', 'EURCHF=X', 'EURGBP=X', 'EURJPY=X', 'EURUSD=X', 'GBPAUD=X', 'GBPCAD=X', 'GBPCHF=X', 'GBPEUR=X', 'GBPJPY=X', 'GBPUSD=X', 'JPYAUD=X', 'JPYCAD=X', 'JPYCHF=X', 'JPYEUR=X', 'JPYGBP=X', 'JPYUSD=X', 'USDAUD=X', 'USDCAD=X', 'USDCHF=X', 'USDEUR=X', 'USDGBP=X', 'USDJPY=X']",tensor(-209.9876),0.9877419685789645
105,"['AUDCAD=X', 'AUDCHF=X', 'AUDEUR=X', 'AUDGBP=X', 'AUDJPY=X', 'AUDUSD=X', 'CADAUD=X', 'CADCHF=X', 'CADEUR=X', 'CADGBP=X', 'CADJPY=X', 'CADUSD=X', 'CHFAUD=X', 'CHFCAD=X', 'CHFEUR=X', 'CHFGBP=X', 'CHFJPY=X', 'CHFUSD=X', 'EURAUD=X', 'EURCAD=X', 'EURCHF=X', 'EURGBP=X', 'EURJPY=X', 'EURUSD=X', 'GBPAUD=X', 'GBPCAD=X', 'GBPCHF=X', 'GBPEUR=X', 'GBPJPY=X', 'GBPUSD=X', 'JPYAUD=X', 'JPYCAD=X', 'JPYCHF=X', 'JPYEUR=X', 'JPYGBP=X', 'JPYUSD=X', 'USDAUD=X', 'USDCAD=X', 'USDCHF=X', 'USDEUR=X', 'USDGBP=X', 'USDJPY=X']",tensor(-209.9876),0.9877419685789645
106,"['AUDCAD=X', 'AUDCHF=X', 'AUDEUR=X', 'AUDGBP=X', 'AUDJPY=X', 'AUDUSD=X', 'CADAUD=X', 'CADCHF=X', 'CADEUR=X', 'CADGBP=X', 'CADJPY=X', 'CADUSD=X', 'CHFAUD=X', 'CHFCAD=X', 'CHFEUR=X', 'CHFGBP=X', 'CHFJPY=X', 'CHFUSD=X', 'EURAUD=X', 'EURCAD=X', 'EURCHF=X', 'EURGBP=X', 'EURJPY=X', 'EURUSD=X', 'GBPAUD=X', 'GBPCAD=X', 'GBPCHF=X', 'GBPEUR=X', 'GBPJPY=X', 'GBPUSD=X', 'JPYAUD=X', 'JPYCAD=X', 'JPYCHF=X', 'JPYEUR=X', 'JPYGBP=X', 'JPYUSD=X', 'USDAUD=X', 'USDCAD=X', 'USDCHF=X', 'USDEUR=X', 'USDGBP=X', 'USDJPY=X']",tensor(-209.9876),0.9877419685789645
107,"['AUDCAD=X', 'AUDCHF=X', 'AUDEUR=X', 'AUDGBP=X', 'AUDJPY=X', 'AUDUSD=X', 'CADAUD=X', 'CADCHF=X', 'CADEUR=X', 'CADGBP=X', 'CADJPY=X', 'CADUSD=X', 'CHFAUD=X', 'CHFCAD=X', 'CHFEUR=X', 'CHFGBP=X', 'CHFJPY=X', 'CHFUSD=X', 'EURAUD=X', 'EURCAD=X', 'EURCHF=X', 'EURGBP=X', 'EURJPY=X', 'EURUSD=X', 'GBPAUD=X', 'GBPCAD=X', 'GBPCHF=X', 'GBPEUR=X', 'GBPJPY=X', 'GBPUSD=X', 'JPYAUD=X', 'JPYCAD=X', 'JPYCHF=X', 'JPYEUR=X', 'JPYGBP=X', 'JPYUSD=X', 'USDAUD=X', 'USDCAD=X', 'USDCHF=X', 'USDEUR=X', 'USDGBP=X', 'USDJPY=X']",tensor(-209.9876),0.9877419685789645
108,"['AUDCAD=X', 'AUDCHF=X', 'AUDEUR=X', 'AUDGBP=X', 'AUDJPY=X', 'AUDUSD=X', 'CADAUD=X', 'CADCHF=X', 'CADEUR=X', 'CADGBP=X', 'CADJPY=X', 'CADUSD=X', 'CHFAUD=X', 'CHFCAD=X', 'CHFEUR=X', 'CHFGBP=X', 'CHFJPY=X', 'CHFUSD=X', 'EURAUD=X', 'EURCAD=X', 'EURCHF=X', 'EURGBP=X', 'EURJPY=X', 'EURUSD=X', 'GBPAUD=X', 'GBPCAD=X', 'GBPCHF=X', 'GBPEUR=X', 'GBPJPY=X', 'GBPUSD=X', 'JPYAUD=X', 'JPYCAD=X', 'JPYCHF=X', 'JPYEUR=X', 'JPYGBP=X', 'JPYUSD=X', 'USDAUD=X', 'USDCAD=X', 'USDCHF=X', 'USDEUR=X', 'USDGBP=X', 'USDJPY=X']",tensor(-209.9876),0.9877419685789645
109,"['AUDCAD=X', 'AUDCHF=X', 'AUDEUR=X', 'AUDGBP=X', 'AUDJPY=X', 'AUDUSD=X', 'CADAUD=X', 'CADCHF=X', 'CADEUR=X', 'CADGBP=X', 'CADJPY=X', 'CADUSD=X', 'CHFAUD=X', 'CHFCAD=X', 'CHFEUR=X', 'CHFGBP=X', 'CHFJPY=X', 'CHFUSD=X', 'EURAUD=X', 'EURCAD=X', 'EURCHF=X', 'EURGBP=X', 'EURJPY=X', 'EURUSD=X', 'GBPAUD=X', 'GBPCAD=X', 'GBPCHF=X', 'GBPEUR=X', 'GBPJPY=X', 'GBPUSD=X', 'JPYAUD=X', 'JPYCAD=X', 'JPYCHF=X', 'JPYEUR=X', 'JPYGBP=X', 'JPYUSD=X', 'USDAUD=X', 'USDCAD=X', 'USDCHF=X', 'USDEUR=X', 'USDGBP=X', 'USDJPY=X']",tensor(-209.9876),0.9877419685789645
110,"['AUDCAD=X', 'AUDCHF=X', 'AUDEUR=X', 'AUDGBP=X', 'AUDJPY=X', 'AUDUSD=X', 'CADAUD=X', 'CADCHF=X', 'CADEUR=X', 'CADGBP=X', 'CADJPY=X', 'CADUSD=X', 'CHFAUD=X', 'CHFCAD=X', 'CHFEUR=X', 'CHFGBP=X', 'CHFJPY=X', 'CHFUSD=X', 'EURAUD=X', 'EURCAD=X', 'EURCHF=X', 'EURGBP=X', 'EURJPY=X', 'EURUSD=X', 'GBPAUD=X', 'GBPCAD=X', 'GBPCHF=X', 'GBPEUR=X', 'GBPJPY=X', 'GBPUSD=X', 'JPYAUD=X', 'JPYCAD=X', 'JPYCHF=X', 'JPYEUR=X', 'JPYGBP=X', 'JPYUSD=X', 'USDAUD=X', 'USDCAD=X', 'USDCHF=X', 'USDEUR=X', 'USDGBP=X', 'USDJPY=X']",tensor(-209.9876),0.9877419685789645
111,"['AUDCAD=X', 'AUDCHF=X', 'AUDEUR=X', 'AUDGBP=X', 'AUDJPY=X', 'AUDUSD=X', 'CADAUD=X', 'CADCHF=X', 'CADEUR=X', 'CADGBP=X', 'CADJPY=X', 'CADUSD=X', 'CHFAUD=X', 'CHFCAD=X', 'CHFEUR=X', 'CHFGBP=X', 'CHFJPY=X', 'CHFUSD=X', 'EURAUD=X', 'EURCAD=X', 'EURCHF=X', 'EURGBP=X', 'EURJPY=X', 'EURUSD=X', 'GBPAUD=X', 'GBPCAD=X', 'GBPCHF=X', 'GBPEUR=X', 'GBPJPY=X', 'GBPUSD=X', 'JPYAUD=X', 'JPYCAD=X', 'JPYCHF=X', 'JPYEUR=X', 'JPYGBP=X', 'JPYUSD=X', 'USDAUD=X', 'USDCAD=X', 'USDCHF=X', 'USDEUR=X', 'USDGBP=X', 'USDJPY=X']",tensor(-209.9876),0.9877419685789645
112,"['AUDCAD=X', 'AUDCHF=X', 'AUDEUR=X', 'AUDGBP=X', 'AUDJPY=X', 'AUDUSD=X', 'CADAUD=X', 'CADCHF=X', 'CADEUR=X', 'CADGBP=X', 'CADJPY=X', 'CADUSD=X', 'CHFAUD=X', 'CHFCAD=X', 'CHFEUR=X', 'CHFGBP=X', 'CHFJPY=X', 'CHFUSD=X', 'EURAUD=X', 'EURCAD=X', 'EURCHF=X', 'EURGBP=X', 'EURJPY=X', 'EURUSD=X', 'GBPAUD=X', 'GBPCAD=X', 'GBPCHF=X', 'GBPEUR=X', 'GBPJPY=X', 'GBPUSD=X', 'JPYAUD=X', 'JPYCAD=X', 'JPYCHF=X', 'JPYEUR=X', 'JPYGBP=X', 'JPYUSD=X', 'USDAUD=X', 'USDCAD=X', 'USDCHF=X', 'USDEUR=X', 'USDGBP=X', 'USDJPY=X']",tensor(-209.9876),0.9877419685789645
113,"['AUDCAD=X', 'AUDCHF=X', 'AUDEUR=X', 'AUDGBP=X', 'AUDJPY=X', 'AUDUSD=X', 'CADAUD=X', 'CADCHF=X', 'CADEUR=X', 'CADGBP=X', 'CADJPY=X', 'CADUSD=X', 'CHFAUD=X', 'CHFCAD=X', 'CHFEUR=X', 'CHFGBP=X', 'CHFJPY=X', 'CHFUSD=X', 'EURAUD=X', 'EURCAD=X', 'EURCHF=X', 'EURGBP=X', 'EURJPY=X', 'EURUSD=X', 'GBPAUD=X', 'GBPCAD=X', 'GBPCHF=X', 'GBPEUR=X', 'GBPJPY=X', 'GBPUSD=X', 'JPYAUD=X', 'JPYCAD=X', 'JPYCHF=X', 'JPYEUR=X', 'JPYGBP=X', 'JPYUSD=X', 'USDAUD=X', 'USDCAD=X', 'USDCHF=X', 'USDEUR=X', 'USDGBP=X', 'USDJPY=X']",tensor(-209.9876),0.9877419685789645
114,"['AUDCAD=X', 'AUDCHF=X', 'AUDEUR=X', 'AUDGBP=X', 'AUDJPY=X', 'AUDUSD=X', 'CADAUD=X', 'CADCHF=X', 'CADEUR=X', 'CADGBP=X', 'CADJPY=X', 'CADUSD=X', 'CHFAUD=X', 'CHFCAD=X', 'CHFEUR=X', 'CHFGBP=X', 'CHFJPY=X', 'CHFUSD=X', 'EURAUD=X', 'EURCAD=X', 'EURCHF=X', 'EURGBP=X', 'EURJPY=X', 'EURUSD=X', 'GBPAUD=X', 'GBPCAD=X', 'GBPCHF=X', 'GBPEUR=X', 'GBPJPY=X', 'GBPUSD=X', 'JPYAUD=X', 'JPYCAD=X', 'JPYCHF=X', 'JPYEUR=X', 'JPYGBP=X', 'JPYUSD=X', 'USDAUD=X', 'USDCAD=X', 'USDCHF=X', 'USDEUR=X', 'USDGBP=X', 'USDJPY=X']",tensor(-209.9876),0.9877419685789645
115,"['AUDCAD=X', 'AUDCHF=X', 'AUDEUR=X', 'AUDGBP=X', 'AUDJPY=X', 'AUDUSD=X', 'CADAUD=X', 'CADCHF=X', 'CADEUR=X', 'CADGBP=X', 'CADJPY=X', 'CADUSD=X', 'CHFAUD=X', 'CHFCAD=X', 'CHFEUR=X', 'CHFGBP=X', 'CHFJPY=X', 'CHFUSD=X', 'EURAUD=X', 'EURCAD=X', 'EURCHF=X', 'EURGBP=X', 'EURJPY=X', 'EURUSD=X', 'GBPAUD=X', 'GBPCAD=X', 'GBPCHF=X', 'GBPEUR=X', 'GBPJPY=X', 'GBPUSD=X', 'JPYAUD=X', 'JPYCAD=X', 'JPYCHF=X', 'JPYEUR=X', 'JPYGBP=X', 'JPYUSD=X', 'USDAUD=X', 'USDCAD=X', 'USDCHF=X', 'USDEUR=X', 'USDGBP=X', 'USDJPY=X']",tensor(-209.9876),0.9877419685789645
116,"['AUDCAD=X', 'AUDCHF=X', 'AUDEUR=X', 'AUDGBP=X', 'AUDJPY=X', 'AUDUSD=X', 'CADAUD=X', 'CADCHF=X', 'CADEUR=X', 'CADGBP=X', 'CADJPY=X', 'CADUSD=X', 'CHFAUD=X', 'CHFCAD=X', 'CHFEUR=X', 'CHFGBP=X', 'CHFJPY=X', 'CHFUSD=X', 'EURAUD=X', 'EURCAD=X', 'EURCHF=X', 'EURGBP=X', 'EURJPY=X', 'EURUSD=X', 'GBPAUD=X', 'GBPCAD=X', 'GBPCHF=X', 'GBPEUR=X', 'GBPJPY=X', 'GBPUSD=X', 'JPYAUD=X', 'JPYCAD=X', 'JPYCHF=X', 'JPYEUR=X', 'JPYGBP=X', 'JPYUSD=X', 'USDAUD=X', 'USDCAD=X', 'USDCHF=X', 'USDEUR=X', 'USDGBP=X', 'USDJPY=X']",tensor(-209.9876),0.9877419685789645
117,"['AUDCAD=X', 'AUDCHF=X', 'AUDEUR=X', 'AUDGBP=X', 'AUDJPY=X', 'AUDUSD=X', 'CADAUD=X', 'CADCHF=X', 'CADEUR=X', 'CADGBP=X', 'CADJPY=X', 'CADUSD=X', 'CHFAUD=X', 'CHFCAD=X', 'CHFEUR=X', 'CHFGBP=X', 'CHFJPY=X', 'CHFUSD=X', 'EURAUD=X', 'EURCAD=X', 'EURCHF=X', 'EURGBP=X', 'EURJPY=X', 'EURUSD=X', 'GBPAUD=X', 'GBPCAD=X', 'GBPCHF=X', 'GBPEUR=X', 'GBPJPY=X', 'GBPUSD=X', 'JPYAUD=X', 'JPYCAD=X', 'JPYCHF=X', 'JPYEUR=X', 'JPYGBP=X', 'JPYUSD=X', 'USDAUD=X', 'USDCAD=X', 'USDCHF=X', 'USDEUR=X', 'USDGBP=X', 'USDJPY=X']",tensor(-209.9876),0.9877419685789645
118,"['AUDCAD=X', 'AUDCHF=X', 'AUDEUR=X', 'AUDGBP=X', 'AUDJPY=X', 'AUDUSD=X', 'CADAUD=X', 'CADCHF=X', 'CADEUR=X', 'CADGBP=X', 'CADJPY=X', 'CADUSD=X', 'CHFAUD=X', 'CHFCAD=X', 'CHFEUR=X', 'CHFGBP=X', 'CHFJPY=X', 'CHFUSD=X', 'EURAUD=X', 'EURCAD=X', 'EURCHF=X', 'EURGBP=X', 'EURJPY=X', 'EURUSD=X', 'GBPAUD=X', 'GBPCAD=X', 'GBPCHF=X', 'GBPEUR=X', 'GBPJPY=X', 'GBPUSD=X', 'JPYAUD=X', 'JPYCAD=X', 'JPYCHF=X', 'JPYEUR=X', 'JPYGBP=X', 'JPYUSD=X', 'USDAUD=X', 'USDCAD=X', 'USDCHF=X', 'USDEUR=X', 'USDGBP=X', 'USDJPY=X']",tensor(-209.9876),0.9877419685789645
119,"['AUDCAD=X', 'AUDCHF=X', 'AUDEUR=X', 'AUDGBP=X', 'AUDJPY=X', 'AUDUSD=X', 'CADAUD=X', 'CADCHF=X', 'CADEUR=X', 'CADGBP=X', 'CADJPY=X', 'CADUSD=X', 'CHFAUD=X', 'CHFCAD=X', 'CHFEUR=X', 'CHFGBP=X', 'CHFJPY=X', 'CHFUSD=X', 'EURAUD=X', 'EURCAD=X', 'EURCHF=X', 'EURGBP=X', 'EURJPY=X', 'EURUSD=X', 'GBPAUD=X', 'GBPCAD=X', 'GBPCHF=X', 'GBPEUR=X', 'GBPJPY=X', 'GBPUSD=X', 'JPYAUD=X', 'JPYCAD=X', 'JPYCHF=X', 'JPYEUR=X', 'JPYGBP=X', 'JPYUSD=X', 'USDAUD=X', 'USDCAD=X', 'USDCHF=X', 'USDEUR=X', 'USDGBP=X', 'USDJPY=X']",tensor(-209.9876),0.9877419685789645
120,"['AUDCAD=X', 'AUDCHF=X', 'AUDEUR=X', 'AUDGBP=X', 'AUDJPY=X', 'AUDUSD=X', 'CADAUD=X', 'CADCHF=X', 'CADEUR=X', 'CADGBP=X', 'CADJPY=X', 'CADUSD=X', 'CHFAUD=X', 'CHFCAD=X', 'CHFEUR=X', 'CHFGBP=X', 'CHFJPY=X', 'CHFUSD=X', 'EURAUD=X', 'EURCAD=X', 'EURCHF=X', 'EURGBP=X', 'EURJPY=X', 'EURUSD=X', 'GBPAUD=X', 'GBPCAD=X', 'GBPCHF=X', 'GBPEUR=X', 'GBPJPY=X', 'GBPUSD=X', 'JPYAUD=X', 'JPYCAD=X', 'JPYCHF=X', 'JPYEUR=X', 'JPYGBP=X', 'JPYUSD=X', 'USDAUD=X', 'USDCAD=X', 'USDCHF=X', 'USDEUR=X', 'USDGBP=X', 'USDJPY=X']",tensor(-209.9876),0.9877419685789645
121,"['AUDCAD=X', 'AUDCHF=X', 'AUDEUR=X', 'AUDGBP=X', 'AUDJPY=X', 'AUDUSD=X', 'CADAUD=X', 'CADCHF=X', 'CADEUR=X', 'CADGBP=X', 'CADJPY=X', 'CADUSD=X', 'CHFAUD=X', 'CHFCAD=X', 'CHFEUR=X', 'CHFGBP=X', 'CHFJPY=X', 'CHFUSD=X', 'EURAUD=X', 'EURCAD=X', 'EURCHF=X', 'EURGBP=X', 'EURJPY=X', 'EURUSD=X', 'GBPAUD=X', 'GBPCAD=X', 'GBPCHF=X', 'GBPEUR=X', 'GBPJPY=X', 'GBPUSD=X', 'JPYAUD=X', 'JPYCAD=X', 'JPYCHF=X', 'JPYEUR=X', 'JPYGBP=X', 'JPYUSD=X', 'USDAUD=X', 'USDCAD=X', 'USDCHF=X', 'USDEUR=X', 'USDGBP=X', 'USDJPY=X']",tensor(-209.9876),0.9877419685789645
122,"['AUDCAD=X', 'AUDCHF=X', 'AUDEUR=X', 'AUDGBP=X', 'AUDJPY=X', 'AUDUSD=X', 'CADAUD=X', 'CADCHF=X', 'CADEUR=X', 'CADGBP=X', 'CADJPY=X', 'CADUSD=X', 'CHFAUD=X', 'CHFCAD=X', 'CHFEUR=X', 'CHFGBP=X', 'CHFJPY=X', 'CHFUSD=X', 'EURAUD=X', 'EURCAD=X', 'EURCHF=X', 'EURGBP=X', 'EURJPY=X', 'EURUSD=X', 'GBPAUD=X', 'GBPCAD=X', 'GBPCHF=X', 'GBPEUR=X', 'GBPJPY=X', 'GBPUSD=X', 'JPYAUD=X', 'JPYCAD=X', 'JPYCHF=X', 'JPYEUR=X', 'JPYGBP=X', 'JPYUSD=X', 'USDAUD=X', 'USDCAD=X', 'USDCHF=X', 'USDEUR=X', 'USDGBP=X', 'USDJPY=X']",tensor(-209.9876),0.9877419685789645
123,"['AUDCAD=X', 'AUDCHF=X', 'AUDEUR=X', 'AUDGBP=X', 'AUDJPY=X', 'AUDUSD=X', 'CADAUD=X', 'CADCHF=X', 'CADEUR=X', 'CADGBP=X', 'CADJPY=X', 'CADUSD=X', 'CHFAUD=X', 'CHFCAD=X', 'CHFEUR=X', 'CHFGBP=X', 'CHFJPY=X', 'CHFUSD=X', 'EURAUD=X', 'EURCAD=X', 'EURCHF=X', 'EURGBP=X', 'EURJPY=X', 'EURUSD=X', 'GBPAUD=X', 'GBPCAD=X', 'GBPCHF=X', 'GBPEUR=X', 'GBPJPY=X', 'GBPUSD=X', 'JPYAUD=X', 'JPYCAD=X', 'JPYCHF=X', 'JPYEUR=X', 'JPYGBP=X', 'JPYUSD=X', 'USDAUD=X', 'USDCAD=X', 'USDCHF=X', 'USDEUR=X', 'USDGBP=X', 'USDJPY=X']",tensor(-209.9876),0.9877419685789645
